current_time,weather,temp,humidity
2025-07-15 04:30:53,Clouds,26.02,75
2025-07-15 04:47:10,Clouds,23.97,73
2025-07-15 05:14:36,Rain,23.97,73
2025-07-15 05:44:19,Clouds,25.41,67
2025-07-15 05:58:34,Clouds,25.41,67
2025-07-15 06:44:53,Clouds,24.74,72
2025-07-15 07:11:32,Clouds,24.74,72
2025-07-15 07:37:46,Clouds,24.79,67
2025-07-15 07:52:01,Clouds,24.79,67
2025-07-15 08:26:48,Clouds,24.79,67
2025-07-15 09:00:29,Clouds,26.76,74
2025-07-15 09:37:38,Clouds,26.76,69
2025-07-15 09:56:00,Clouds,26.76,69
2025-07-15 10:31:37,Clear,24.76,78
2025-07-15 10:52:41,Clear,24.76,78
2025-07-15 11:18:46,Clear,24.76,78
2025-07-15 11:37:30,Clouds,23.76,88
2025-07-15 11:50:46,Clouds,23.76,88
2025-07-15 12:34:48,Rain,23.76,94
2025-07-15 13:23:18,Clouds,23.76,94
2025-07-15 13:54:45,Clouds,23.76,94
2025-07-15 14:25:21,Clouds,23.76,94
2025-07-15 14:48:15,Clouds,23.76,94
2025-07-15 15:09:59,Clouds,23.76,94
2025-07-15 15:36:29,Clouds,23.76,100
2025-07-15 15:53:30,Clouds,23.76,100
2025-07-15 16:30:06,Clouds,22.76,100
2025-07-15 16:55:02,Clouds,22.76,100
2025-07-15 17:25:04,Clouds,22.93,94
2025-07-15 17:46:05,Clouds,23.76,100
2025-07-15 17:59:06,Clouds,23.76,100
2025-07-15 18:43:46,Clouds,23.76,100
2025-07-15 19:01:40,Clouds,23.76,100
2025-07-15 19:27:42,Clouds,23.76,100
2025-07-15 19:44:28,Rain,23.76,100
2025-07-15 19:58:05,Rain,23.76,100
2025-07-15 20:32:14,Rain,23.76,100
2025-07-15 20:51:25,Rain,23.76,100
2025-07-15 21:17:06,Mist,22.76,100
2025-07-15 21:37:26,Mist,22.76,100
2025-07-15 21:50:51,Mist,22.76,100
2025-07-15 22:16:35,Mist,22.76,100
2025-07-15 22:42:04,Mist,23.76,100
2025-07-15 22:55:46,Mist,23.76,100
2025-07-15 23:26:19,Clouds,22.76,100
2025-07-15 23:45:38,Clouds,22.76,100
2025-07-15 23:58:49,Clouds,22.76,100
2025-07-16 02:24:25,Clouds,22.76,94
2025-07-16 03:46:12,Rain,23.76,94
2025-07-16 04:27:02,Rain,23.55,85
2025-07-16 05:00:31,Rain,23.76,88
2025-07-16 05:37:43,Rain,22.76,100
2025-07-16 05:55:16,Rain,22.76,100
2025-07-16 06:40:58,Rain,22.76,100
2025-07-16 07:01:12,Rain,22.76,100
2025-07-16 07:31:40,Rain,21.76,100
2025-07-16 07:49:01,Rain,21.76,100
2025-07-16 08:17:14,Rain,21.76,100
2025-07-16 08:47:34,Rain,22.76,100
2025-07-16 09:14:18,Rain,21.78,100
2025-07-16 09:43:16,Rain,21.76,100
2025-07-16 09:57:40,Rain,21.76,100
2025-07-16 10:34:08,Rain,21.76,100
2025-07-16 10:53:59,Rain,21.76,100
2025-07-16 11:21:32,Rain,21.76,100
2025-07-16 11:39:37,Mist,21.76,100
2025-07-16 11:52:52,Rain,21.76,100
2025-07-16 12:46:07,Clouds,21.76,100
2025-07-16 13:28:59,Rain,22.76,100
2025-07-16 13:56:59,Rain,22.76,100
2025-07-16 14:29:10,Rain,22.76,100
2025-07-16 14:50:54,Thunderstorm,22.76,100
2025-07-16 15:18:11,Thunderstorm,22.76,100
2025-07-16 15:41:32,Rain,22.76,100
2025-07-16 15:57:21,Rain,22.76,100
2025-07-16 16:37:30,Rain,22.76,100
2025-07-16 16:59:25,Rain,22.76,100
2025-07-16 17:32:51,Rain,23.33,97
2025-07-16 17:51:46,Rain,22.76,100
2025-07-16 18:27:12,Rain,22.76,100
2025-07-16 18:55:45,Rain,22.76,100
2025-07-16 19:23:21,Rain,22.76,100
2025-07-16 19:40:32,Thunderstorm,22.76,100
2025-07-16 19:53:40,Thunderstorm,22.76,100
2025-07-16 20:26:35,Rain,22.76,100
2025-07-16 20:47:32,Thunderstorm,22.76,100
2025-07-16 21:08:18,Thunderstorm,22.76,100
2025-07-16 21:32:36,Thunderstorm,22.76,100
2025-07-16 21:48:17,Thunderstorm,22.76,100
2025-07-16 22:10:25,Thunderstorm,22.76,100
2025-07-16 22:41:03,Rain,22.76,100
2025-07-16 22:56:48,Thunderstorm,22.76,100
2025-07-16 23:28:03,Thunderstorm,21.76,100
2025-07-16 23:46:11,Rain,22.76,100
2025-07-16 23:59:13,Rain,22.76,100
2025-07-17 02:25:23,Mist,23.76,100
2025-07-17 03:46:36,Clouds,24.76,94
2025-07-17 04:26:30,Thunderstorm,24.76,100
2025-07-17 05:00:15,Thunderstorm,24.76,100
2025-07-17 05:36:56,Thunderstorm,25.76,94
2025-07-17 05:54:30,Rain,25.76,94
2025-07-17 06:38:09,Mist,24.76,100
2025-07-17 07:00:26,Mist,24.76,100
2025-07-17 07:31:26,Clouds,24.76,100
2025-07-17 07:47:47,Clouds,24.76,100
2025-07-17 08:13:42,Rain,24.76,100
2025-07-17 08:46:09,Rain,23.76,100
2025-07-17 09:12:43,Clouds,24.83,97
2025-07-17 09:41:09,Clouds,23.76,100
2025-07-17 09:56:22,Clouds,23.76,100
2025-07-17 10:32:38,Rain,23.76,100
2025-07-17 10:53:18,Rain,23.76,100
2025-07-17 11:20:20,Rain,23.76,100
2025-07-17 11:38:44,Clouds,23.76,100
2025-07-17 11:51:52,Clouds,23.76,100
2025-07-17 12:39:28,Rain,22.76,100
2025-07-17 13:26:22,Rain,23.49,100
2025-07-17 13:55:34,Clouds,22.76,100
2025-07-17 14:27:09,Rain,22.76,100
2025-07-17 14:49:47,Rain,22.76,100
2025-07-17 15:15:06,Rain,23.8,99
2025-07-17 15:41:39,Rain,22.76,100
2025-07-17 15:56:29,Clouds,22.76,100
2025-07-17 16:36:30,Clouds,22.76,100
2025-07-17 16:57:26,Clouds,22.76,100
2025-07-17 17:28:36,Clouds,22.76,100
2025-07-17 17:48:15,Clouds,22.76,100
2025-07-17 18:15:06,Clouds,23.25,99
2025-07-17 18:49:21,Clouds,22.76,100
2025-07-17 19:12:25,Clouds,22.76,100
2025-07-17 19:31:20,Clouds,22.76,100
2025-07-17 19:45:58,Clouds,22.76,100
2025-07-17 19:58:54,Clouds,22.76,100
2025-07-17 20:32:27,Mist,22.76,100
2025-07-17 20:51:41,Mist,22.76,100
2025-07-17 21:17:38,Clouds,22.78,100
2025-07-17 21:38:03,Clouds,22.76,100
2025-07-17 21:51:34,Clouds,22.76,100
2025-07-17 22:17:48,Clouds,22.57,100
2025-07-17 22:42:17,Clouds,22.76,100
2025-07-17 22:56:46,Thunderstorm,22.76,100
2025-07-17 23:46:20,Rain,22.76,100
2025-07-17 23:59:24,Rain,22.76,100
2025-07-18 02:27:02,Clouds,23.76,100
2025-07-18 03:48:56,Clouds,24.76,94
2025-07-18 04:31:51,Clouds,24.76,100
2025-07-18 05:02:38,Clouds,24.76,100
2025-07-18 05:39:12,Rain,26.76,89
2025-07-18 05:56:36,Clouds,26.76,89
2025-07-18 06:43:43,Clouds,26.76,94
2025-07-18 07:11:41,Clouds,26.76,94
2025-07-18 07:37:18,Clouds,26.76,94
2025-07-18 07:53:48,Clouds,26.76,94
2025-07-18 08:32:19,Clouds,27.76,89
2025-07-18 08:57:16,Clouds,27.76,89
2025-07-18 09:33:21,Clouds,28.76,79
2025-07-18 09:53:02,Clouds,28.76,79
2025-07-18 10:24:23,Clouds,25.19,85
2025-07-18 10:49:54,Clouds,24.76,100
2025-07-18 11:12:47,Clouds,24.15,94
2025-07-18 11:32:19,Clouds,24.76,100
2025-07-18 11:49:01,Clouds,24.76,100
2025-07-18 12:24:02,Clouds,23.91,95
2025-07-18 13:19:28,Clouds,23.76,97
2025-07-18 13:52:52,Clouds,23.76,100
2025-07-18 14:21:07,Clouds,24.17,98
2025-07-18 14:45:20,Clouds,23.76,100
2025-07-18 14:58:45,Clouds,23.76,100
2025-07-18 15:31:30,Clouds,24.76,100
2025-07-18 15:52:45,Clouds,24.76,100
2025-07-18 16:56:27,Thunderstorm,23.76,100
2025-07-18 17:28:51,Rain,23.59,97
2025-07-18 18:19:19,Thunderstorm,22.78,94
2025-07-18 18:50:07,Thunderstorm,20.76,100
2025-07-18 19:30:36,Rain,20.76,100
2025-07-18 19:45:25,Rain,20.76,100
2025-07-18 19:58:32,Rain,20.76,100
2025-07-18 20:31:53,Rain,21.76,100
2025-07-18 20:50:21,Rain,21.76,100
2025-07-18 21:36:25,Rain,21.76,100
2025-07-18 21:50:29,Rain,21.76,100
2025-07-18 22:14:49,Clouds,21.76,100
2025-07-18 22:41:54,Clouds,21.76,100
2025-07-18 22:55:54,Mist,21.76,100
2025-07-18 23:27:13,Mist,21.76,100
2025-07-18 23:45:28,Rain,21.76,100
2025-07-18 23:58:36,Mist,21.76,100
2025-07-19 02:20:31,Rain,23.76,100
2025-07-19 03:38:46,Clouds,23.76,100
2025-07-19 04:18:13,Rain,25.79,96
2025-07-19 04:49:13,Mist,24.76,100
2025-07-19 05:15:16,Mist,24.76,100
2025-07-19 05:41:54,Clouds,25.76,100
2025-07-19 05:55:20,Clouds,25.76,100
2025-07-19 06:38:13,Rain,25.76,100
2025-07-19 06:57:35,Rain,25.76,100
2025-07-19 07:26:39,Clouds,26.76,100
2025-07-19 07:43:08,Clouds,26.76,100
2025-07-19 07:56:16,Clouds,26.76,100
2025-07-19 08:34:18,Clouds,25.76,100
2025-07-19 08:54:37,Clouds,25.76,100
2025-07-19 09:25:50,Rain,26.91,90
2025-07-19 09:44:15,Rain,25.76,100
2025-07-19 09:57:12,Clouds,25.76,100
2025-07-19 10:30:55,Clouds,24.76,100
2025-07-19 10:50:36,Clouds,24.76,100
2025-07-19 11:12:49,Clouds,25.97,95
2025-07-19 11:30:55,Clouds,24.76,100
2025-07-19 11:44:57,Clouds,24.76,100
2025-07-19 11:58:09,Clouds,24.76,100
2025-07-19 12:55:00,Rain,24.76,100
2025-07-19 13:34:30,Clouds,24.76,100
2025-07-19 13:53:11,Clouds,24.76,100
2025-07-19 14:18:46,Rain,24.76,100
2025-07-19 14:40:12,Clouds,24.76,100
2025-07-19 14:53:18,Rain,24.76,100
2025-07-19 15:21:56,Rain,24.76,100
2025-07-19 15:40:54,Rain,24.76,100
2025-07-19 15:55:51,Rain,24.76,100
2025-07-19 16:32:57,Rain,24.76,100
2025-07-19 16:54:02,Rain,24.76,100
2025-07-19 17:21:13,Rain,24.98,97
2025-07-19 17:42:10,Rain,25.76,100
2025-07-19 17:55:22,Rain,25.76,100
2025-07-19 18:36:25,Rain,25.76,100
2025-07-19 19:21:23,Rain,24.76,100
2025-07-19 19:37:18,Rain,24.76,100
2025-07-19 19:51:09,Rain,24.76,100
2025-07-19 20:15:26,Rain,24.23,98
2025-07-19 20:38:56,Rain,25.76,100
2025-07-19 20:54:30,Mist,25.76,100
2025-07-19 21:23:22,Clouds,24.76,100
2025-07-19 21:40:34,Clouds,24.76,100
2025-07-19 21:53:52,Clouds,24.76,100
2025-07-19 22:22:24,Clouds,24.37,97
2025-07-19 22:44:14,Clouds,24.76,100
2025-07-19 22:57:12,Clouds,24.76,100
2025-07-19 23:29:45,Rain,25.76,100
2025-07-19 23:48:43,Clouds,25.76,100
2025-07-20 01:03:46,Clouds,26.76,100
2025-07-20 03:16:28,Clouds,29.29,73
2025-07-20 04:15:04,Clouds,29.32,70
2025-07-20 04:56:19,Clouds,30.76,74
2025-07-20 05:33:19,Clouds,30.76,66
2025-07-20 05:52:19,Clouds,30.76,66
2025-07-20 06:28:24,Clouds,30.76,70
2025-07-20 06:53:47,Clouds,30.76,70
2025-07-20 07:21:39,Clouds,31.76,66
2025-07-20 07:38:40,Clouds,31.76,66
2025-07-20 07:52:58,Clouds,31.76,66
2025-07-20 08:26:33,Clear,31.03,65
2025-07-20 08:50:44,Clouds,29.76,74
2025-07-20 09:15:25,Clouds,29.76,74
2025-07-20 09:37:22,Clouds,30.76,66
2025-07-20 09:51:05,Clouds,30.76,66
2025-07-20 10:17:07,Clouds,29.17,72
2025-07-20 10:43:12,Clouds,29.76,74
2025-07-20 10:56:19,Clouds,29.76,74
2025-07-20 11:23:09,Clouds,27.76,89
2025-07-20 11:39:21,Clouds,27.76,89
2025-07-20 11:52:24,Clouds,27.76,89
2025-07-20 12:38:54,Clouds,26.76,100
2025-07-20 13:19:53,Clouds,26.66,90
2025-07-20 13:46:40,Clouds,26.76,100
2025-07-20 13:59:43,Clouds,26.76,100
2025-07-20 14:28:50,Clouds,25.76,100
2025-07-20 14:46:48,Clouds,25.76,100
2025-07-20 14:59:49,Clouds,25.76,100
2025-07-20 15:29:25,Clouds,25.76,100
2025-07-20 15:46:14,Clouds,25.76,100
2025-07-20 15:59:05,Clouds,25.76,100
2025-07-20 16:34:37,Clouds,24.76,100
2025-07-20 16:54:26,Clouds,24.76,100
2025-07-20 17:21:46,Clouds,24.76,100
2025-07-20 17:41:57,Clouds,24.76,100
2025-07-20 18:35:43,Clear,23.76,100
2025-07-20 18:55:08,Clear,23.76,100
2025-07-20 19:20:33,Clear,23.76,100
2025-07-20 19:36:03,Clear,23.76,100
2025-07-20 19:49:05,Clear,23.76,100
2025-07-20 20:13:07,Clear,23.76,100
2025-07-20 20:38:11,Clouds,24.76,100
2025-07-20 20:53:13,Clouds,24.76,100
2025-07-20 21:19:59,Clouds,25.49,98
2025-07-20 21:38:08,Clouds,24.76,100
2025-07-20 21:51:08,Clouds,24.76,100
2025-07-20 22:16:06,Clouds,26.03,98
2025-07-20 22:40:47,Clouds,25.76,100
2025-07-20 22:54:23,Clouds,25.76,100
2025-07-20 23:25:17,Clouds,25.78,94
2025-07-20 23:45:14,Clouds,26.76,100
2025-07-20 23:57:47,Clouds,26.76,100
2025-07-21 02:31:51,Clouds,30.76,74
2025-07-21 03:55:51,Clouds,29.76,79
2025-07-21 04:50:05,Clouds,29.76,79
2025-07-21 05:22:37,Clouds,31.78,66
2025-07-21 05:50:35,Clouds,31.76,70
2025-07-21 06:24:57,Clouds,31.76,70
2025-07-21 06:56:26,Clouds,31.76,70
2025-07-21 07:35:31,Clouds,30.76,70
2025-07-21 07:54:07,Clouds,30.76,70
2025-07-21 08:36:54,Clouds,30.76,79
2025-07-21 09:01:24,Clouds,30.76,79
2025-07-21 09:38:26,Clouds,29.76,84
2025-07-21 09:56:42,Clouds,29.76,84
2025-07-21 10:34:01,Clouds,28.76,94
2025-07-21 10:54:44,Clouds,28.76,94
2025-07-21 11:23:13,Clouds,28.64,80
2025-07-21 11:42:38,Clouds,27.76,100
2025-07-21 11:56:04,Clouds,27.76,100
2025-07-21 13:00:34,Clouds,27.76,100
2025-07-21 13:48:06,Clouds,26.76,100
2025-07-21 14:12:57,Clouds,26.38,92
2025-07-21 14:44:20,Clouds,26.76,100
2025-07-21 14:59:17,Clouds,26.76,100
2025-07-21 15:33:29,Clouds,26.76,100
2025-07-21 15:52:37,Clouds,26.76,100
2025-07-21 16:27:02,Clouds,26.76,100
2025-07-21 16:55:15,Clouds,26.76,100
2025-07-21 17:27:06,Clouds,26.76,100
2025-07-21 17:49:04,Clouds,26.76,100
2025-07-21 18:18:34,Clouds,24.79,91
2025-07-21 18:51:10,Clouds,26.76,100
2025-07-21 19:15:52,Clouds,25.06,95
2025-07-21 19:34:14,Clouds,24.73,94
2025-07-21 19:47:48,Clouds,24.91,91
2025-07-21 20:10:34,Clouds,24.76,87
2025-07-21 20:39:21,Clouds,24.74,87
2025-07-21 20:55:36,Clouds,24.74,87
2025-07-21 21:27:13,Clouds,26.76,100
2025-07-21 21:45:37,Clouds,26.76,100
2025-07-21 21:58:39,Clouds,26.76,100
2025-07-21 22:31:23,Clouds,26.76,100
2025-07-21 22:50:39,Clouds,26.76,100
2025-07-21 23:15:38,Clouds,26.14,92
2025-07-21 23:37:39,Clouds,28.76,94
2025-07-21 23:51:47,Clouds,28.76,94
2025-07-22 01:40:14,Clouds,29.76,84
2025-07-22 03:20:58,Clouds,30.76,66
2025-07-22 04:11:52,Clouds,30.78,66
2025-07-22 04:53:42,Clouds,31.76,62
2025-07-22 05:27:54,Clouds,31.76,62
2025-07-22 05:51:46,Clouds,31.76,62
2025-07-22 06:29:00,Clouds,30.76,79
2025-07-22 06:57:43,Clouds,30.76,79
2025-07-22 07:30:58,Clouds,30.76,79
2025-07-22 07:48:29,Clouds,30.76,79
2025-07-22 08:16:13,Clouds,31.74,65
2025-07-22 08:47:31,Clouds,30.76,74
2025-07-22 09:14:08,Clouds,30.73,67
2025-07-22 09:43:15,Clouds,29.76,74
2025-07-22 09:57:47,Clouds,29.76,74
2025-07-22 10:34:16,Clouds,28.76,89
2025-07-22 10:54:44,Clouds,28.76,89
2025-07-22 11:23:27,Clouds,26.76,100
2025-07-22 11:41:57,Clouds,26.76,100
2025-07-22 11:55:01,Clouds,26.76,100
2025-07-22 12:58:05,Clouds,26.76,100
2025-07-22 13:46:08,Clear,25.76,100
2025-07-22 14:11:02,Clear,25.76,100
2025-07-22 14:41:28,Clear,25.76,100
2025-07-22 14:57:23,Clear,25.76,100
2025-07-22 15:32:33,Clear,25.76,100
2025-07-22 15:51:58,Clear,25.76,100
2025-07-22 16:25:22,Clouds,25.85,96
2025-07-22 16:54:26,Clouds,26.14,90
2025-07-22 17:25:20,Clouds,26.67,80
2025-07-22 17:48:06,Clear,24.76,100
2025-07-22 18:14:36,Clear,24.76,100
2025-07-22 18:49:52,Clouds,24.76,100
2025-07-22 19:13:28,Clouds,24.76,100
2025-07-22 19:32:02,Clouds,24.76,100
2025-07-22 19:45:09,Clouds,24.76,100
2025-07-22 19:57:59,Clouds,24.76,100
2025-07-22 20:32:25,Clouds,23.76,100
2025-07-22 20:51:31,Clouds,23.76,100
2025-07-22 21:17:20,Clouds,23.76,100
2025-07-22 21:38:18,Clouds,23.76,100
2025-07-22 21:51:48,Clouds,23.76,100
2025-07-22 22:18:06,Clouds,25.86,95
2025-07-22 22:41:24,Clear,25.76,100
2025-07-22 22:55:37,Clear,25.76,100
2025-07-22 23:27:23,Clouds,27.76,83
2025-07-22 23:46:09,Clouds,27.76,83
2025-07-22 23:59:04,Clouds,27.76,83
2025-07-23 02:27:27,Clouds,31.76,62
2025-07-23 03:50:12,Clouds,31.76,62
2025-07-23 04:36:17,Clouds,32.76,58
2025-07-23 05:05:19,Clouds,32.76,58
2025-07-23 05:44:36,Clouds,33.76,55
2025-07-23 05:59:41,Clouds,33.76,55
2025-07-23 06:46:41,Clear,32.76,58
2025-07-23 07:14:00,Clear,32.76,58
2025-07-23 07:40:52,Clouds,32.76,58
2025-07-23 07:55:26,Clouds,32.76,58
2025-07-23 08:38:52,Clouds,31.76,58
2025-07-23 09:01:17,Clouds,31.76,58
2025-07-23 09:37:33,Clear,30.76,62
2025-07-23 09:55:26,Clear,30.76,62
2025-07-23 10:32:18,Clear,29.76,70
2025-07-23 10:53:29,Clear,29.76,70
2025-07-23 11:20:51,Clear,29.11,73
2025-07-23 11:39:44,Clear,27.76,83
2025-07-23 11:53:21,Clear,27.76,83
2025-07-23 12:49:51,Clear,26.76,89
2025-07-23 13:34:02,Clear,25.76,94
2025-07-23 13:57:54,Clear,25.76,94
2025-07-23 14:33:00,Clear,25.76,100
2025-07-23 14:55:41,Clear,25.76,100
2025-07-23 15:32:35,Clear,25.76,100
2025-07-23 15:52:47,Clear,25.76,100
2025-07-23 16:28:27,Clear,24.76,100
2025-07-23 16:56:45,Clear,24.76,100
2025-07-23 17:29:52,Clear,24.76,100
2025-07-23 17:50:24,Clear,24.76,100
2025-07-23 18:22:17,Clouds,25.26,87
2025-07-23 18:53:46,Clear,24.76,100
2025-07-23 19:20:16,Clear,24.76,100
2025-07-23 19:37:35,Clear,24.76,100
2025-07-23 19:50:42,Clear,24.76,100
2025-07-23 20:17:56,Clear,24.76,100
2025-07-23 20:42:08,Clear,23.76,100
2025-07-23 20:57:33,Clear,23.76,100
2025-07-23 21:29:05,Clear,24.76,100
2025-07-23 21:46:59,Clear,24.76,100
2025-07-23 22:00:04,Clear,24.76,100
2025-07-23 22:32:30,Clear,24.76,100
2025-07-23 22:51:26,Clear,24.76,100
2025-07-23 23:18:13,Clear,28.76,84
2025-07-23 23:38:56,Clear,28.76,84
2025-07-23 23:52:56,Clear,28.76,84
2025-07-24 01:52:27,Clear,29.76,74
2025-07-24 03:37:29,Clear,32.76,58
2025-07-24 04:26:00,Clear,33.76,59
2025-07-24 05:00:37,Clear,33.76,59
2025-07-24 05:37:41,Clear,33.76,55
2025-07-24 05:55:33,Clear,33.76,55
2025-07-24 06:42:33,Clear,32.76,62
2025-07-24 07:02:10,Clear,32.76,62
2025-07-24 07:32:55,Clear,32.76,62
2025-07-24 07:50:08,Clear,32.76,62
2025-07-24 08:20:52,Clear,32.76,62
2025-07-24 08:51:17,Clear,32.76,62
2025-07-24 09:22:04,Clear,32.33,57
2025-07-24 09:46:59,Clear,31.76,66
2025-07-24 09:59:48,Clear,31.76,66
2025-07-24 10:35:57,Clear,29.76,74
2025-07-24 10:55:11,Clear,29.76,74
2025-07-24 11:24:49,Clear,27.76,89
2025-07-24 11:43:31,Clear,27.76,89
2025-07-24 11:56:48,Clear,27.76,89
2025-07-24 13:00:39,Clear,26.76,94
2025-07-24 13:47:49,Clear,26.76,94
2025-07-24 14:11:58,Clear,26.66,84
2025-07-24 14:43:33,Clear,25.76,100
2025-07-24 14:59:05,Clear,25.76,100
2025-07-24 15:31:28,Clear,25.76,100
2025-07-24 15:50:34,Clear,25.76,100
2025-07-24 16:18:14,Clear,24.76,100
2025-07-24 16:47:23,Clear,24.76,100
2025-07-24 17:10:11,Clear,24.76,100
2025-07-24 17:39:19,Clear,24.76,100
2025-07-24 17:53:16,Clear,24.76,100
2025-07-24 18:33:45,Clear,24.76,100
2025-07-24 18:58:08,Clear,24.76,100
2025-07-24 19:25:35,Clear,23.76,100
2025-07-24 19:43:11,Clear,23.76,100
2025-07-24 19:56:19,Clear,23.76,100
2025-07-24 20:30:16,Clear,23.76,100
2025-07-24 20:50:12,Clear,23.76,100
2025-07-24 21:14:39,Clear,23.76,100
2025-07-24 21:36:42,Clear,23.76,100
2025-07-24 21:50:13,Clear,23.76,100
2025-07-24 22:15:06,Clear,25.34,92
2025-07-24 22:41:50,Clear,25.76,100
2025-07-24 22:56:56,Clear,25.76,100
2025-07-24 23:28:46,Clear,28.24,84
2025-07-24 23:46:55,Clear,28.76,84
2025-07-24 23:59:52,Clear,28.76,84
2025-07-25 02:26:47,Clouds,33.76,62
2025-07-25 03:48:59,Clouds,33.76,55
2025-07-25 04:32:03,Clouds,34.76,52
2025-07-25 05:04:14,Clouds,34.76,52
2025-07-25 05:42:38,Clouds,34.76,52
2025-07-25 05:58:45,Clouds,34.76,52
2025-07-25 06:46:26,Clouds,34.76,49
2025-07-25 07:12:47,Clouds,34.76,52
2025-07-25 07:38:34,Clouds,34.76,52
2025-07-25 07:53:00,Clouds,34.76,52
2025-07-25 08:30:00,Clouds,33.76,55
2025-07-25 08:55:41,Clouds,33.76,55
2025-07-25 09:32:31,Clear,32.76,58
2025-07-25 09:53:00,Clear,32.76,58
2025-07-25 10:25:06,Clear,31.76,66
2025-07-25 10:50:55,Clear,31.76,66
2025-07-25 11:15:02,Clear,31.76,66
2025-07-25 11:34:52,Clear,29.76,79
2025-07-25 11:48:59,Clear,29.76,79
2025-07-25 12:23:37,Clear,28.76,89
2025-07-25 13:11:43,Clear,28.76,89
2025-07-25 13:49:28,Clear,28.76,94
2025-07-25 14:13:10,Clear,27.76,100
2025-07-25 14:41:51,Clear,27.76,100
2025-07-25 14:56:43,Clear,27.76,100
2025-07-25 15:31:22,Clear,26.76,100
2025-07-25 15:50:31,Clear,26.76,100
2025-07-25 16:19:35,Clouds,26.36,86
2025-07-25 16:48:54,Clear,26.76,100
2025-07-25 17:12:50,Clear,26.76,100
2025-07-25 17:40:42,Clear,26.76,100
2025-07-25 17:53:55,Clear,26.76,100
2025-07-25 18:35:27,Clear,26.76,100
2025-07-25 18:58:12,Clear,26.76,100
2025-07-25 19:24:49,Clear,25.76,100
2025-07-25 19:42:12,Clear,25.76,100
2025-07-25 19:55:17,Clear,25.76,100
2025-07-25 20:30:34,Clear,25.76,94
2025-07-25 20:50:28,Clear,25.76,94
2025-07-25 21:14:54,Clear,25.76,94
2025-07-25 21:36:09,Clear,25.76,100
2025-07-25 21:50:43,Clear,25.76,100
2025-07-25 22:15:30,Clear,25.76,100
2025-07-25 22:41:34,Clear,28.76,89
2025-07-25 22:56:30,Clear,28.76,89
2025-07-25 23:27:37,Clear,30.76,74
2025-07-25 23:46:14,Clear,30.76,74
2025-07-25 23:59:17,Clear,30.76,74
2025-07-26 02:22:30,Clouds,32.83,57
2025-07-26 03:44:35,Clear,33.76,55
2025-07-26 04:24:53,Clear,34.76,55
2025-07-26 04:58:47,Clear,34.76,55
2025-07-26 05:33:06,Clear,35.76,52
2025-07-26 05:51:42,Clear,35.76,52
2025-07-26 06:27:04,Clear,36.76,47
2025-07-26 06:55:10,Clear,36.76,47
2025-07-26 07:25:31,Clear,36.76,47
2025-07-26 07:42:43,Clear,36.76,47
2025-07-26 07:55:35,Clear,36.76,47
2025-07-26 08:33:53,Clear,35.76,56
2025-07-26 08:54:25,Clear,35.76,56
2025-07-26 09:25:36,Clouds,34.62,52
2025-07-26 09:44:05,Clear,33.76,62
2025-07-26 09:57:01,Clear,33.76,62
2025-07-26 10:30:09,Clear,32.76,70
2025-07-26 10:49:33,Clear,32.76,70
2025-07-26 11:11:32,Clear,32.76,70
2025-07-26 11:31:05,Clear,30.76,79
2025-07-26 11:45:11,Clear,30.76,79
2025-07-26 11:58:17,Clear,30.76,79
2025-07-26 12:55:42,Clear,29.76,84
2025-07-26 13:37:49,Clear,28.76,94
2025-07-26 13:54:03,Clear,28.76,94
2025-07-26 14:22:11,Clear,27.72,83
2025-07-26 14:43:39,Clear,28.76,94
2025-07-26 14:56:44,Clear,28.76,94
2025-07-26 15:28:18,Clear,28.76,94
2025-07-26 15:47:55,Clear,28.76,94
2025-07-26 16:10:10,Clear,27,85
2025-07-26 16:43:28,Clear,27.76,100
2025-07-26 16:58:59,Clear,27.76,100
2025-07-26 17:29:44,Clear,26.76,100
2025-07-26 17:47:48,Clear,26.76,100
2025-07-26 18:12:01,Clear,26.6,85
2025-07-26 18:45:31,Clear,26.76,100
2025-07-26 19:00:36,Clear,26.76,100
2025-07-26 19:23:46,Clear,25.76,100
2025-07-26 19:39:10,Clear,25.76,100
2025-07-26 19:52:21,Clear,25.76,100
2025-07-26 20:20:46,Clear,25.76,100
2025-07-26 20:41:36,Clear,25.76,100
2025-07-26 20:54:55,Clear,25.76,100
2025-07-26 21:24:18,Clear,25.76,100
2025-07-26 21:42:59,Clear,25.76,100
2025-07-26 21:56:05,Clear,25.76,100
2025-07-26 22:27:25,Clear,29.76,74
2025-07-26 22:47:33,Clear,29.76,74
2025-07-26 23:08:20,Clear,29.37,77
2025-07-26 23:31:40,Clear,31.76,66
2025-07-26 23:48:19,Clear,31.76,66
2025-07-27 00:59:37,Clear,32.76,55
2025-07-27 03:15:44,Clear,34.03,50
2025-07-27 04:15:54,Clear,34.71,48
2025-07-27 04:57:20,Clouds,35.76,46
2025-07-27 05:34:35,Clouds,36.76,44
2025-07-27 05:53:37,Clouds,36.76,44
2025-07-27 06:34:23,Clear,35.76,56
2025-07-27 06:56:53,Clear,35.76,56
2025-07-27 07:26:41,Clouds,35.76,63
2025-07-27 07:43:14,Clouds,35.76,63
2025-07-27 07:56:06,Clouds,35.76,63
2025-07-27 08:34:21,Clouds,34.76,63
2025-07-27 08:54:27,Clouds,34.76,63
2025-07-27 09:26:22,Clear,34.01,53
2025-07-27 09:46:31,Clouds,33.76,70
2025-07-27 09:59:23,Clouds,33.76,70
2025-07-27 10:32:43,Clouds,31.76,79
2025-07-27 10:51:25,Clouds,31.76,79
2025-07-27 11:14:23,Clear,30.66,67
2025-07-27 11:31:32,Clear,29.76,89
2025-07-27 11:45:12,Clear,29.76,89
2025-07-27 11:57:59,Clear,29.76,89
2025-07-27 12:56:51,Clear,28.76,94
2025-07-27 13:36:53,Clear,27.76,94
2025-07-27 13:53:30,Clear,27.76,94
2025-07-27 14:20:07,Clear,28.22,83
2025-07-27 14:41:28,Clear,27.76,94
2025-07-27 14:54:34,Clear,27.76,94
2025-07-27 15:25:29,Clear,27.76,100
2025-07-27 15:44:06,Clear,27.76,100
2025-07-27 15:56:56,Clear,27.76,100
2025-07-27 16:33:50,Clear,27.76,100
2025-07-27 16:54:25,Clear,27.76,100
2025-07-27 17:22:41,Clear,26.76,100
2025-07-27 17:43:54,Clear,26.76,100
2025-07-27 17:56:46,Clear,26.76,100
2025-07-27 18:38:42,Clear,26.76,100
2025-07-27 18:58:27,Clear,26.76,100
2025-07-27 19:24:50,Clear,26.76,100
2025-07-27 19:41:08,Clear,26.76,100
2025-07-27 19:54:16,Clear,26.76,100
2025-07-27 20:27:15,Clear,26.76,100
2025-07-27 20:46:43,Clear,26.76,100
2025-07-27 20:59:42,Clear,26.76,100
2025-07-27 21:27:36,Clear,25.76,100
2025-07-27 21:44:38,Clouds,25.76,100
2025-07-27 21:57:53,Clouds,25.76,100
2025-07-27 22:29:39,Clear,28.76,94
2025-07-27 22:50:11,Clear,28.76,94
2025-07-27 23:15:00,Clear,29.04,84
2025-07-27 23:37:53,Clear,30.76,84
2025-07-27 23:52:45,Clear,30.76,84
2025-07-28 01:57:00,Clouds,33.76,66
2025-07-28 03:49:32,Clouds,33.76,62
2025-07-28 04:39:12,Clouds,34.76,55
2025-07-28 05:17:19,Clear,34.94,51
2025-07-28 05:48:21,Clouds,34.76,59
2025-07-28 06:19:00,Clear,35.18,47
2025-07-28 06:55:36,Clouds,34.76,66
2025-07-28 07:32:43,Clouds,34.76,66
2025-07-28 07:51:06,Clouds,34.76,66
2025-07-28 08:26:21,Clouds,33.76,70
2025-07-28 08:56:33,Clouds,33.76,70
2025-07-28 09:36:33,Clouds,31.76,79
2025-07-28 09:55:32,Clouds,31.76,79
2025-07-28 10:32:50,Clouds,30.76,74
2025-07-28 10:54:28,Clouds,30.76,74
2025-07-28 11:22:55,Clear,29.98,71
2025-07-28 11:42:00,Clear,28.76,84
2025-07-28 11:55:01,Clear,28.76,84
2025-07-28 12:59:20,Clear,27.76,83
2025-07-28 13:48:37,Clear,26.76,94
2025-07-28 14:14:21,Clear,26.76,94
2025-07-28 14:44:52,Clear,27.76,89
2025-07-28 15:00:11,Clear,27.76,89
2025-07-28 15:34:39,Clear,26.76,94
2025-07-28 15:53:58,Clear,26.76,94
2025-07-28 16:33:16,Clear,25.76,100
2025-07-28 16:58:52,Clear,25.76,100
2025-07-28 17:32:08,Clear,25.76,100
2025-07-28 17:51:14,Clear,25.76,100
2025-07-28 18:27:25,Clear,25.76,100
2025-07-28 18:57:19,Clear,25.76,100
2025-07-28 19:25:40,Clear,25.76,100
2025-07-28 19:43:02,Clear,25.76,100
2025-07-28 19:56:02,Clear,25.76,100
2025-07-28 20:32:46,Clear,24.76,100
2025-07-28 20:52:57,Clear,24.76,100
2025-07-28 21:20:05,Clear,25.4,89
2025-07-28 21:39:35,Clear,25.76,100
2025-07-28 21:53:06,Clear,25.76,100
2025-07-28 22:22:54,Clear,27.76,100
2025-07-28 22:49:07,Clear,27.76,100
2025-07-28 23:12:54,Clear,27.76,100
2025-07-28 23:39:21,Clear,29.76,84
2025-07-28 23:55:09,Clear,29.76,84
2025-07-29 02:33:43,Clouds,33.76,62
2025-07-29 04:00:22,Clouds,34.76,55
2025-07-29 04:54:43,Clouds,34.76,63
2025-07-29 05:34:29,Clouds,35.76,56
2025-07-29 05:56:23,Clouds,35.76,56
2025-07-29 06:44:51,Clouds,35.76,56
2025-07-29 07:12:53,Clear,35.47,47
2025-07-29 07:41:00,Clouds,35.76,56
2025-07-29 07:55:39,Clouds,35.76,56
2025-07-29 08:38:35,Clouds,34.76,59
2025-07-29 09:01:35,Clouds,34.76,59
2025-07-29 09:37:27,Clouds,33.76,59
2025-07-29 09:55:49,Clouds,33.76,59
2025-07-29 10:32:34,Clear,31.76,66
2025-07-29 10:54:09,Clear,31.76,66
2025-07-29 11:22:08,Clouds,32.78,58
2025-07-29 11:41:16,Clear,29.76,79
2025-07-29 11:54:16,Clear,29.76,79
2025-07-29 12:55:54,Clear,28.76,89
2025-07-29 13:47:01,Clear,28.76,89
2025-07-29 14:13:00,Clear,28.76,89
2025-07-29 14:46:56,Clear,27.76,100
2025-07-29 15:11:12,Clear,27.76,100
2025-07-29 15:42:55,Clear,27.76,100
2025-07-29 15:59:30,Clear,27.76,100
2025-07-29 16:38:53,Clear,26.76,100
2025-07-29 17:01:37,Clear,26.76,100
2025-07-29 17:35:06,Clear,26.76,100
2025-07-29 17:54:04,Clear,26.76,100
2025-07-29 18:38:02,Clear,25.76,100
2025-07-29 19:01:32,Clear,25.76,100
2025-07-29 19:28:55,Clouds,26.76,100
2025-07-29 19:45:04,Clouds,26.76,100
2025-07-29 19:58:17,Clouds,26.76,100
2025-07-29 20:33:48,Clouds,25.76,100
2025-07-29 20:53:43,Clouds,25.76,100
2025-07-29 21:24:01,Clear,26.76,100
2025-07-29 21:44:24,Clear,26.76,100
2025-07-29 21:57:19,Clear,26.76,100
2025-07-29 22:30:44,Clouds,26.76,100
2025-07-29 22:51:54,Clouds,26.76,100
2025-07-29 23:18:53,Clouds,28.48,83
2025-07-29 23:39:55,Clear,29.76,84
2025-07-29 23:53:57,Clear,29.76,84
2025-07-30 02:05:36,Clear,32.76,66
2025-07-30 03:48:24,Clear,32.76,62
2025-07-30 04:34:48,Clouds,32.76,66
2025-07-30 05:06:23,Clouds,32.76,66
2025-07-30 05:46:36,Clouds,34.76,59
2025-07-30 06:14:43,Clouds,34.69,46
2025-07-30 06:54:04,Clouds,34.76,59
2025-07-30 07:29:03,Clouds,32.76,70
2025-07-30 07:50:17,Clouds,32.76,70
2025-07-30 08:20:52,Clouds,32.76,70
2025-07-30 08:52:31,Clouds,32.76,70
2025-07-30 09:28:10,Clear,31.76,70
2025-07-30 09:52:55,Clear,31.76,70
2025-07-30 10:24:27,Clouds,32.4,59
2025-07-30 10:50:13,Clear,30.76,84
2025-07-30 11:13:56,Clouds,31.03,68
2025-07-30 11:34:33,Clear,29.76,84
2025-07-30 11:49:09,Clear,29.76,84
2025-07-30 12:26:38,Clear,28.76,94
2025-07-30 13:23:48,Clear,28.76,100
2025-07-30 13:57:17,Clear,28.76,100
2025-07-30 14:31:10,Clear,28.76,100
2025-07-30 14:53:29,Clear,28.76,100
2025-07-30 15:26:21,Clouds,28.11,81
2025-07-30 15:49:06,Clear,27.76,100
2025-07-30 16:16:29,Clouds,27.77,81
2025-07-30 16:47:12,Clear,27.76,100
2025-07-30 17:10:55,Clear,27.76,100
2025-07-30 17:40:20,Clear,27.76,100
2025-07-30 17:55:47,Clear,27.76,100
2025-07-30 18:42:12,Clear,27.76,100
2025-07-30 19:01:49,Clear,27.76,100
2025-07-30 19:27:37,Clear,28.76,74
2025-07-30 19:44:26,Clear,28.76,74
2025-07-30 19:57:34,Clear,28.76,74
2025-07-30 20:31:39,Clear,28.76,74
2025-07-30 20:50:53,Clear,28.76,74
2025-07-30 21:16:33,Clear,28.76,74
2025-07-30 21:38:43,Clear,28.76,74
2025-07-30 21:52:36,Clear,28.76,74
2025-07-30 22:20:44,Clear,28.76,79
2025-07-30 22:44:49,Clear,28.76,79
2025-07-30 22:57:50,Clear,28.76,79
2025-07-30 23:29:01,Clear,28.76,84
2025-07-30 23:48:10,Clear,28.76,84
2025-07-31 00:53:44,Clear,29.76,74
2025-07-31 03:02:15,Clear,32.76,55
2025-07-31 04:09:21,Clear,32.76,58
2025-07-31 04:55:24,Clouds,34.76,52
2025-07-31 05:35:00,Clear,32.76,58
2025-07-31 05:55:33,Clear,32.76,58
2025-07-31 06:43:06,Clear,31.76,62
2025-07-31 07:12:19,Clouds,32.24,51
2025-07-31 07:39:20,Clear,30.76,66
2025-07-31 07:54:35,Clear,30.76,66
2025-07-31 08:36:15,Clear,30.76,66
2025-07-31 08:59:58,Clear,30.76,66
2025-07-31 09:36:48,Clear,29.76,74
2025-07-31 09:55:11,Clear,29.76,74
2025-07-31 10:31:49,Clear,28.76,84
2025-07-31 10:53:48,Clear,28.76,84
2025-07-31 11:21:56,Clear,27.76,94
2025-07-31 11:41:06,Clear,27.76,94
2025-07-31 11:54:11,Clear,27.76,94
2025-07-31 12:53:56,Clear,27.76,100
2025-07-31 13:40:57,Clear,26.76,100
2025-07-31 14:00:53,Clear,26.76,100
2025-07-31 14:35:38,Clear,26.76,100
2025-07-31 14:56:34,Clear,26.76,100
2025-07-31 15:32:23,Clear,26.76,100
2025-07-31 15:52:12,Clear,26.76,100
2025-07-31 16:26:13,Clear,26.76,100
2025-07-31 16:55:16,Clear,26.76,100
2025-07-31 17:26:33,Clouds,26.43,81
2025-07-31 17:48:14,Clear,26.76,100
2025-07-31 18:15:32,Clouds,26.49,75
2025-07-31 18:50:56,Clear,26.76,100
2025-07-31 19:16:30,Clear,26.76,100
2025-07-31 19:34:32,Clear,26.76,100
2025-07-31 19:48:08,Clear,26.76,100
2025-07-31 20:11:33,Clouds,26.46,84
2025-07-31 20:40:32,Clear,25.76,100
2025-07-31 20:56:38,Clear,25.76,100
2025-07-31 21:28:29,Clear,25.76,100
2025-07-31 21:47:42,Clear,25.76,100
2025-07-31 22:08:53,Clear,25.76,100
2025-07-31 22:38:44,Clear,27.76,100
2025-07-31 22:54:39,Clear,27.76,100
2025-07-31 23:26:05,Clear,29.76,79
2025-07-31 23:45:23,Clear,29.76,79
2025-07-31 23:58:21,Clear,29.76,79
2025-08-01 02:40:30,Clear,34.76,55
2025-08-01 04:07:53,Clear,33.76,55
2025-08-01 05:02:51,Clear,33.76,59
2025-08-01 05:46:08,Clear,33.76,59
2025-08-01 06:15:32,Clouds,35.03,47
2025-08-01 06:54:16,Clouds,31.76,74
2025-08-01 07:30:42,Clear,33.76,55
2025-08-01 07:50:21,Clear,33.76,55
2025-08-01 08:21:32,Clear,31.76,70
2025-08-01 08:52:11,Clear,31.76,70
2025-08-01 09:25:39,Clouds,30.76,70
2025-08-01 09:50:24,Clouds,30.76,70
2025-08-01 10:17:20,Clouds,30.3,67
2025-08-01 10:45:59,Clear,29.76,89
2025-08-01 11:00:03,Clear,29.76,89
2025-08-01 11:27:59,Clear,28.76,100
2025-08-01 11:45:23,Clear,28.76,100
2025-08-01 11:58:29,Clear,28.76,100
2025-08-01 13:02:09,Clear,27.76,100
2025-08-01 13:47:46,Clear,27.76,100
2025-08-01 14:12:26,Clear,27.76,100
2025-08-01 14:43:04,Clear,27.76,100
2025-08-01 14:58:18,Clear,27.76,100
2025-08-01 15:32:52,Clear,26.76,100
2025-08-01 15:52:00,Clear,26.76,100
2025-08-01 16:26:21,Clear,27.76,100
2025-08-01 16:55:09,Clear,27.76,100
2025-08-01 17:27:41,Clear,26.76,100
2025-08-01 17:49:52,Clear,26.76,100
2025-08-01 18:20:04,Clouds,26.21,89
2025-08-01 18:52:29,Clear,26.76,100
2025-08-01 19:17:57,Clouds,25.93,90
2025-08-01 19:32:02,Clouds,25.76,100
2025-08-01 19:45:45,Clouds,25.76,100
2025-08-01 19:58:45,Clouds,25.76,100
2025-08-01 20:32:43,Mist,25.76,100
2025-08-01 20:52:02,Mist,25.76,100
2025-08-01 21:18:29,Clouds,25.19,91
2025-08-01 21:39:12,Mist,25.76,100
2025-08-01 21:52:51,Mist,25.76,100
2025-08-01 22:21:01,Clouds,26.21,90
2025-08-01 22:44:29,Mist,27.76,94
2025-08-01 22:57:42,Mist,27.76,94
2025-08-01 23:28:40,Mist,29.76,79
2025-08-01 23:47:11,Mist,29.76,79
2025-08-02 00:00:04,Mist,29.76,79
2025-08-02 02:23:35,Clouds,32.76,62
2025-08-02 03:43:10,Clouds,33.76,59
2025-08-02 04:23:00,Clouds,33.76,52
2025-08-02 04:57:06,Clouds,33.76,52
2025-08-02 05:32:52,Clouds,34.76,49
2025-08-02 05:53:26,Clouds,34.76,49
2025-08-02 06:32:23,Clouds,34.76,49
2025-08-02 06:55:41,Clouds,34.76,49
2025-08-02 07:25:54,Clear,33.58,49
2025-08-02 07:43:01,Clouds,34.76,49
2025-08-02 07:56:11,Clouds,34.76,49
2025-08-02 08:34:46,Clouds,33.76,55
2025-08-02 08:56:00,Clouds,33.76,55
2025-08-02 09:30:41,Clouds,32.76,58
2025-08-02 09:48:15,Clouds,32.76,58
2025-08-02 10:10:08,Clear,30.28,60
2025-08-02 10:40:07,Clear,29.76,70
2025-08-02 10:55:25,Clear,29.76,70
2025-08-02 11:23:20,Clear,28.76,68
2025-08-02 11:40:15,Clear,28.76,70
2025-08-02 11:53:29,Clear,28.76,70
2025-08-02 12:45:32,Clear,27.76,83
2025-08-02 13:22:14,Clouds,27.95,77
2025-08-02 13:47:02,Clear,27.76,89
2025-08-02 13:59:54,Clear,27.76,89
2025-08-02 14:29:38,Clear,27.76,83
2025-08-02 14:47:57,Clear,27.76,83
2025-08-02 15:08:45,Clear,27.76,83
2025-08-02 15:33:36,Clear,26.76,94
2025-08-02 15:49:28,Clear,26.76,94
2025-08-02 16:14:51,Clouds,26.81,83
2025-08-02 16:45:42,Clear,26.76,100
2025-08-02 17:00:30,Clear,26.76,100
2025-08-02 17:30:19,Clear,25.76,100
2025-08-02 17:47:41,Clear,25.76,100
2025-08-02 18:12:09,Clouds,26.2,79
2025-08-02 18:46:23,Clear,25.76,100
2025-08-02 19:00:31,Clear,25.76,100
2025-08-02 19:24:19,Clear,25.76,100
2025-08-02 19:40:56,Clear,25.76,100
2025-08-02 19:53:44,Clear,25.76,100
2025-08-02 20:25:04,Clear,24.76,100
2025-08-02 20:45:00,Clear,24.76,100
2025-08-02 20:58:05,Clear,24.76,100
2025-08-02 21:26:40,Clear,25.76,100
2025-08-02 21:45:20,Clear,25.76,100
2025-08-02 21:58:26,Clear,25.76,100
2025-08-02 22:30:18,Clear,26.76,100
2025-08-02 22:49:33,Clear,26.76,100
2025-08-02 23:13:25,Clouds,28.48,85
2025-08-02 23:38:45,Clear,27.76,89
2025-08-02 23:54:18,Clear,27.76,89
2025-08-03 02:25:04,Clear,31.76,55
2025-08-03 04:00:57,Clear,31.76,55
2025-08-03 04:55:28,Clear,32.76,55
2025-08-03 05:33:49,Clear,31.76,58
2025-08-03 05:55:21,Clear,31.76,58
2025-08-03 06:39:20,Rain,31.76,62
2025-08-03 06:58:57,Rain,31.76,62
2025-08-03 07:28:09,Clear,30.76,66
2025-08-03 07:44:28,Clear,30.76,66
2025-08-03 07:57:21,Clear,30.76,66
2025-08-03 08:35:09,Clouds,29.76,70
2025-08-03 08:55:32,Rain,29.76,70
2025-08-03 09:28:03,Rain,27.76,89
2025-08-03 09:46:52,Rain,27.76,89
2025-08-03 09:59:50,Rain,27.76,89
2025-08-03 10:33:24,Rain,27.76,83
2025-08-03 10:52:12,Rain,27.76,83
2025-08-03 11:16:54,Rain,27.76,83
2025-08-03 11:36:51,Mist,26.76,89
2025-08-03 11:50:09,Mist,26.76,89
2025-08-03 12:28:39,Mist,27.76,69
2025-08-03 13:17:56,Clouds,25.28,84
2025-08-03 13:47:11,Clouds,27.76,74
2025-08-03 14:00:22,Clouds,27.76,74
2025-08-03 14:29:59,Rain,23.76,100
2025-08-03 14:48:08,Rain,23.76,100
2025-08-03 15:09:16,Rain,23.76,100
2025-08-03 15:35:20,Rain,23.76,100
2025-08-03 15:52:26,Rain,23.76,100
2025-08-03 16:24:30,Rain,23.76,100
2025-08-03 16:51:04,Clouds,23.76,100
2025-08-03 17:15:24,Clouds,23.65,95
2025-08-03 17:40:11,Rain,23.76,100
2025-08-03 17:54:13,Clouds,23.76,100
2025-08-03 18:35:03,Rain,23.76,100
2025-08-03 18:57:02,Rain,23.76,100
2025-08-03 19:23:26,Rain,23.36,97
2025-08-03 19:40:01,Rain,23.76,100
2025-08-03 19:53:02,Clouds,23.76,100
2025-08-03 20:24:39,Clouds,22.76,100
2025-08-03 20:46:12,Clouds,22.76,100
2025-08-03 20:59:14,Clouds,22.76,100
2025-08-03 21:28:20,Clouds,23.76,100
2025-08-03 21:45:51,Mist,23.76,100
2025-08-03 21:58:53,Mist,23.76,100
2025-08-03 22:31:26,Mist,23.76,100
2025-08-03 22:51:06,Mist,23.76,100
2025-08-03 23:16:50,Clouds,23.92,95
2025-08-03 23:38:30,Mist,25.76,100
2025-08-03 23:53:23,Mist,25.76,100
2025-08-04 02:08:49,Clouds,28.76,79
2025-08-04 04:02:10,Clouds,31.76,66
2025-08-04 05:04:00,Clouds,32.76,58
2025-08-04 05:50:50,Clouds,32.76,58
2025-08-04 06:31:47,Clouds,33.76,55
2025-08-04 07:04:49,Clouds,33.76,55
2025-08-04 07:41:18,Clouds,33.76,55
2025-08-04 07:57:48,Clouds,33.76,55
2025-08-04 08:41:43,Clouds,30.76,70
2025-08-04 09:16:16,Clouds,30.39,65
2025-08-04 09:50:11,Clouds,28.76,74
2025-08-04 10:18:38,Clouds,29.12,74
2025-08-04 10:48:16,Clouds,28.76,74
2025-08-04 11:10:54,Clouds,28.76,74
2025-08-04 11:33:14,Clouds,28.76,79
2025-08-04 11:49:21,Clouds,28.76,79
2025-08-04 12:27:32,Clear,27.76,89
2025-08-04 13:25:42,Clear,26.76,94
2025-08-04 13:59:46,Clear,26.76,94
2025-08-04 14:37:20,Clear,26.76,94
2025-08-04 14:57:57,Clear,26.76,94
2025-08-04 15:34:30,Clear,26.76,94
2025-08-04 15:54:33,Clear,26.76,94
2025-08-04 16:36:03,Clear,24.76,100
2025-08-04 17:01:35,Clear,24.76,100
2025-08-04 17:36:14,Clear,24.76,100
2025-08-04 17:55:04,Clear,24.76,100
2025-08-04 18:41:53,Clear,24.76,100
2025-08-04 19:02:41,Clear,24.76,100
2025-08-04 19:29:00,Clear,24.76,100
2025-08-04 19:45:48,Clear,24.76,100
2025-08-04 19:58:45,Clear,24.76,100
2025-08-04 20:34:06,Clear,23.76,100
2025-08-04 20:52:20,Clear,23.76,100
2025-08-04 21:19:56,Clear,24.7,95
2025-08-04 21:41:27,Clouds,23.76,100
2025-08-04 21:54:51,Clouds,23.76,100
2025-08-04 22:27:39,Clear,25.73,91
2025-08-04 22:50:35,Clouds,24.76,100
2025-08-04 23:15:59,Clear,26.68,88
2025-08-04 23:38:52,Clouds,26.76,89
2025-08-04 23:53:26,Clouds,26.76,89
2025-08-05 02:03:46,Clouds,29.76,66
2025-08-05 03:52:17,Clouds,32.76,55
2025-08-05 04:47:56,Clouds,31.76,58
2025-08-05 05:20:36,Clouds,31.76,58
2025-08-05 05:52:06,Clouds,31.76,58
2025-08-05 06:32:50,Clouds,31.76,55
2025-08-05 07:01:21,Clouds,31.76,55
2025-08-05 07:36:09,Clouds,30.76,66
2025-08-05 07:52:52,Clouds,30.76,66
2025-08-05 08:31:15,Clouds,30.76,70
2025-08-05 08:59:10,Clouds,30.76,70
2025-08-05 09:36:57,Clouds,28.76,79
2025-08-05 09:56:26,Clouds,28.76,79
2025-08-05 10:33:47,Clouds,27.76,83
2025-08-05 10:56:00,Clouds,27.76,83
2025-08-05 11:26:26,Clouds,26.76,89
2025-08-05 11:45:44,Clouds,26.76,89
2025-08-05 11:58:42,Clouds,26.76,89
2025-08-05 13:04:49,Clouds,26.76,94
2025-08-05 13:51:56,Clouds,26.76,100
2025-08-05 14:23:48,Clouds,26.76,100
2025-08-05 14:52:52,Clouds,26.76,100
2025-08-05 15:26:33,Clouds,26.76,94
2025-08-05 15:47:50,Clouds,26.76,94
2025-08-05 16:10:15,Clouds,26.62,86
2025-08-05 16:39:54,Clouds,26.76,94
2025-08-05 16:57:37,Clouds,26.76,94
2025-08-05 17:30:00,Clouds,26.76,100
2025-08-05 17:51:10,Clouds,26.76,100
2025-08-05 18:27:50,Rain,26.76,100
2025-08-05 18:59:40,Clouds,26.76,100
2025-08-05 19:29:21,Rain,27.76,100
2025-08-05 19:46:33,Rain,27.76,100
2025-08-05 19:59:34,Clouds,27.76,100
2025-08-05 20:31:53,Mist,27.76,100
2025-08-05 20:51:59,Mist,27.76,100
2025-08-05 21:19:11,Mist,26.78,94
2025-08-05 21:40:23,Mist,27.76,100
2025-08-05 21:53:56,Mist,27.76,100
2025-08-05 22:25:30,Clouds,27.76,100
2025-08-05 22:49:06,Mist,27.76,100
2025-08-05 23:12:14,Mist,27.76,100
2025-08-05 23:36:39,Mist,29.76,94
2025-08-05 23:52:19,Mist,29.76,94
2025-08-06 01:48:35,Mist,29.76,94
2025-08-06 03:28:15,Clouds,27.76,100
2025-08-06 04:31:29,Rain,27.76,100
2025-08-06 05:06:18,Rain,27.76,100
2025-08-06 05:47:21,Rain,26.76,100
2025-08-06 06:15:33,Rain,26.76,100
2025-08-06 06:54:13,Rain,25.76,100
2025-08-06 07:30:31,Rain,25.76,100
2025-08-06 07:50:59,Rain,25.76,100
2025-08-06 08:24:09,Rain,27.32,93
2025-08-06 08:55:46,Clouds,25.76,100
2025-08-06 09:35:39,Clouds,27.76,89
2025-08-06 09:56:10,Clouds,27.76,89
2025-08-06 10:33:28,Clear,27.76,89
2025-08-06 10:55:41,Clear,27.76,89
2025-08-06 11:26:00,Clear,25.76,100
2025-08-06 11:45:14,Clear,25.76,100
2025-08-06 11:58:04,Clear,25.76,100
2025-08-06 13:04:34,Clouds,25.76,100
2025-08-06 13:52:23,Clouds,25.76,100
2025-08-06 14:23:40,Clouds,25.76,100
2025-08-06 14:52:22,Clouds,25.76,100
2025-08-06 15:23:50,Clouds,25.76,100
2025-08-06 15:47:41,Clouds,25.76,100
2025-08-06 16:12:52,Clouds,25.41,97
2025-08-06 16:47:40,Clouds,25.76,100
2025-08-06 17:13:30,Clouds,25.76,100
2025-08-06 17:42:30,Clouds,25.76,100
2025-08-06 17:57:32,Clouds,25.76,100
2025-08-06 18:43:32,Clouds,25.76,100
2025-08-06 19:03:00,Clouds,25.76,100
2025-08-06 19:28:44,Clouds,24.76,100
2025-08-06 19:45:27,Clouds,24.76,100
2025-08-06 19:58:26,Clouds,24.76,100
2025-08-06 20:33:09,Clouds,24.76,100
2025-08-06 20:53:19,Clouds,24.76,100
2025-08-06 21:20:11,Clouds,24.76,100
2025-08-06 21:39:14,Clouds,24.76,100
2025-08-06 21:53:17,Clouds,24.76,100
2025-08-06 22:23:47,Clouds,25.76,100
2025-08-06 22:48:20,Clouds,25.76,100
2025-08-06 23:10:56,Clouds,25.76,100
2025-08-06 23:35:07,Clouds,26.76,94
2025-08-06 23:51:30,Clouds,26.76,94
2025-08-07 01:39:59,Clouds,28.76,74
2025-08-07 03:26:14,Clouds,29.76,62
2025-08-07 04:31:08,Clouds,30.76,58
2025-08-07 05:05:38,Clouds,30.76,58
2025-08-07 05:45:10,Clouds,30.76,58
2025-08-07 06:00:50,Clouds,30.76,58
2025-08-07 06:49:47,Clouds,30.76,55
2025-08-07 07:20:21,Clear,31.39,52
2025-08-07 07:45:02,Clouds,30.76,51
2025-08-07 07:58:05,Clouds,30.76,51
2025-08-07 08:40:36,Clouds,30.76,66
2025-08-07 09:02:48,Clouds,30.76,66
2025-08-07 09:37:51,Clouds,29.76,70
2025-08-07 09:56:52,Clouds,29.76,70
2025-08-07 10:33:49,Clear,27.76,78
2025-08-07 10:54:53,Clear,27.76,78
2025-08-07 11:25:09,Clear,26.76,78
2025-08-07 11:44:50,Clear,26.76,78
2025-08-07 11:57:59,Clear,26.76,78
2025-08-07 13:03:44,Clear,25.76,83
2025-08-07 13:50:43,Clear,25.76,94
2025-08-07 14:20:10,Clouds,25.54,86
2025-08-07 14:48:46,Clear,24.76,100
2025-08-07 15:13:51,Clouds,25.15,88
2025-08-07 15:42:19,Clear,23.76,100
2025-08-07 15:57:23,Clear,23.76,100
2025-08-07 16:38:48,Clear,23.76,100
2025-08-07 17:01:00,Clear,23.76,100
2025-08-07 17:34:27,Clear,23.76,100
2025-08-07 17:52:47,Clear,23.76,100
2025-08-07 18:33:57,Clear,22.76,100
2025-08-07 19:00:50,Clear,22.76,100
2025-08-07 19:27:02,Clouds,24.1,93
2025-08-07 19:44:06,Clear,22.76,100
2025-08-07 19:57:23,Clear,22.76,100
2025-08-07 20:33:14,Clear,21.76,100
2025-08-07 20:53:09,Clear,21.76,100
2025-08-07 21:20:05,Clear,21.76,100
2025-08-07 21:40:34,Clear,21.76,100
2025-08-07 21:53:52,Clear,21.76,100
2025-08-07 22:24:59,Clear,24.76,100
2025-08-07 22:49:14,Clear,24.76,100
2025-08-07 23:13:10,Clouds,25.96,90
2025-08-07 23:37:06,Clouds,27.76,74
2025-08-07 23:52:32,Clouds,27.76,74
2025-08-08 01:51:07,Clear,29.76,70
2025-08-08 03:40:58,Clouds,30.76,62
2025-08-08 04:33:01,Clouds,30.76,66
2025-08-08 05:06:12,Clouds,30.76,66
2025-08-08 05:45:25,Clouds,29.76,70
2025-08-08 06:00:44,Clouds,29.76,70
2025-08-08 06:49:41,Clouds,29.76,66
2025-08-08 07:20:16,Clouds,31.23,56
2025-08-08 07:44:21,Clouds,30.76,58
2025-08-08 07:57:31,Clouds,30.76,58
2025-08-08 08:39:50,Clear,29.76,58
2025-08-08 09:02:16,Clear,29.76,58
2025-08-08 09:38:06,Clear,28.76,61
2025-08-08 09:56:12,Clear,28.76,61
2025-08-08 10:32:51,Clear,26.76,74
2025-08-08 10:54:07,Clear,26.76,74
2025-08-08 11:22:38,Clouds,27.55,73
2025-08-08 11:41:59,Clear,25.76,78
2025-08-08 11:55:08,Clear,25.76,78
2025-08-08 12:59:38,Clear,25.76,83
2025-08-08 13:47:25,Clear,24.76,94
2025-08-08 14:11:37,Clear,24.76,94
2025-08-08 14:43:11,Clear,24.76,100
2025-08-08 14:58:46,Clear,24.76,100
2025-08-08 15:33:04,Clear,23.76,100
2025-08-08 15:52:22,Clear,23.76,100
2025-08-08 16:24:24,Clear,24.76,100
2025-08-08 16:48:21,Clear,24.76,100
2025-08-08 17:09:04,Clouds,24.81,90
2025-08-08 17:33:12,Clouds,24.76,100
2025-08-08 17:48:28,Clouds,24.76,100
2025-08-08 18:13:40,Clouds,24.8,83
2025-08-08 18:46:59,Clouds,24.76,100
2025-08-08 19:07:15,Clouds,24.76,100
2025-08-08 19:26:21,Clouds,24.76,100
2025-08-08 19:41:42,Clouds,24.76,100
2025-08-08 19:54:42,Clouds,24.76,100
2025-08-08 20:28:30,Rain,24.76,100
2025-08-08 20:47:51,Clouds,24.76,100
2025-08-08 21:08:07,Clouds,24.76,100
2025-08-08 21:31:05,Clouds,24.76,100
2025-08-08 21:46:22,Clouds,24.76,100
2025-08-08 21:59:08,Clouds,24.76,100
2025-08-08 22:30:50,Clouds,24.76,100
2025-08-08 22:49:26,Clouds,24.76,100
2025-08-08 23:12:43,Clouds,24.91,90
2025-08-08 23:33:22,Clouds,24.76,100
2025-08-08 23:48:21,Clouds,24.76,100
2025-08-09 00:50:26,Clouds,25.76,100
2025-08-09 02:45:28,Rain,25.76,100
2025-08-09 03:42:40,Rain,25.76,89
2025-08-09 04:17:20,Rain,25.73,79
2025-08-09 04:46:57,Rain,25.76,94
2025-08-09 05:08:57,Clear,25.76,94
2025-08-09 05:35:53,Clear,25.76,83
2025-08-09 05:51:22,Clear,25.76,83
2025-08-09 06:25:19,Clear,26.76,74
2025-08-09 06:52:53,Clear,26.76,74
2025-08-09 07:19:06,Clear,26.76,74
2025-08-09 07:36:19,Clear,26.76,74
2025-08-09 07:49:24,Clear,26.76,74
2025-08-09 08:15:46,Clouds,25.89,72
2025-08-09 08:42:52,Clear,26.76,69
2025-08-09 08:57:57,Clear,26.76,69
2025-08-09 09:28:35,Clear,26.76,69
2025-08-09 09:45:33,Clear,26.76,69
2025-08-09 09:58:40,Clear,26.76,69
2025-08-09 10:30:48,Clear,26.76,74
2025-08-09 10:48:47,Clear,26.76,74
2025-08-09 11:09:25,Clouds,24.83,79
2025-08-09 11:28:32,Clear,24.76,83
2025-08-09 11:43:22,Clear,24.76,83
2025-08-09 11:56:34,Clear,24.76,83
2025-08-09 12:54:37,Clear,23.76,94
2025-08-09 13:33:10,Clear,22.76,100
2025-08-09 13:49:44,Clear,22.76,100
2025-08-09 14:12:18,Clouds,23.12,91
2025-08-09 14:37:00,Clear,22.76,94
2025-08-09 14:51:02,Clear,22.76,94
2025-08-09 15:15:54,Clouds,23.01,90
2025-08-09 15:37:14,Clear,21.76,100
2025-08-09 15:50:43,Clear,21.76,100
2025-08-09 16:18:20,Clouds,22.36,94
2025-08-09 16:44:50,Clear,20.76,100
2025-08-09 16:58:16,Clear,20.76,100
2025-08-09 17:25:43,Clear,20.76,100
2025-08-09 17:44:15,Clear,20.76,100
2025-08-09 17:57:07,Clear,20.76,100
2025-08-09 18:38:14,Clear,20.76,100
2025-08-09 18:56:48,Clear,20.76,100
2025-08-09 19:21:37,Clear,20.76,100
2025-08-09 19:36:31,Clear,20.76,100
2025-08-09 19:49:47,Clear,20.76,100
2025-08-09 20:14:18,Clear,21.25,93
2025-08-09 20:37:40,Clear,19.76,100
2025-08-09 20:52:08,Clear,19.76,100
2025-08-09 21:17:05,Clear,21.42,95
2025-08-09 21:35:20,Clear,19.76,100
2025-08-09 21:48:28,Clear,19.76,100
2025-08-09 22:09:53,Clear,19.76,100
2025-08-09 22:36:36,Clear,22.76,100
2025-08-09 22:51:49,Clear,22.76,100
2025-08-09 23:17:26,Clouds,23.63,90
2025-08-09 23:36:42,Clear,24.76,83
2025-08-09 23:50:27,Clear,24.76,83
2025-08-10 01:23:45,Clouds,27.53,70
2025-08-10 03:23:13,Clear,29.76,58
2025-08-10 04:25:57,Clear,30.76,58
2025-08-10 04:58:53,Clear,30.76,58
2025-08-10 05:33:20,Clear,30.76,58
2025-08-10 05:51:55,Clear,30.76,58
2025-08-10 06:27:22,Clear,31.76,51
2025-08-10 06:53:34,Clear,31.76,51
2025-08-10 07:20:25,Clear,31.76,51
2025-08-10 07:37:13,Clear,31.76,51
2025-08-10 07:50:25,Clear,31.76,51
2025-08-10 08:19:01,Clear,31.76,51
2025-08-10 08:44:03,Clear,31.76,51
2025-08-10 08:58:01,Clear,31.76,51
2025-08-10 09:28:54,Clear,30.76,66
2025-08-10 09:45:51,Clear,30.76,66
2025-08-10 09:58:39,Clear,30.76,66
2025-08-10 10:31:31,Clear,27.76,83
2025-08-10 10:49:37,Clear,27.76,83
2025-08-10 11:10:41,Clear,27.76,83
2025-08-10 11:29:18,Clear,26.76,89
2025-08-10 11:43:49,Clear,26.76,89
2025-08-10 11:56:49,Clear,26.76,89
2025-08-10 12:55:12,Clear,26.76,89
2025-08-10 13:34:34,Clear,24.76,100
2025-08-10 13:50:58,Clear,24.76,100
2025-08-10 14:14:44,Clear,24.71,85
2025-08-10 14:38:35,Clear,24.76,100
2025-08-10 14:52:11,Clear,24.76,100
2025-08-10 15:18:50,Clear,24.08,87
2025-08-10 15:38:34,Clear,24.76,100
2025-08-10 15:51:48,Clear,24.76,100
2025-08-10 16:21:36,Clear,23.29,90
2025-08-10 16:47:09,Clear,23.76,100
2025-08-10 17:00:09,Clear,23.76,100
2025-08-10 17:26:33,Clear,23.76,100
2025-08-10 17:43:48,Clear,23.76,100
2025-08-10 17:56:45,Clear,23.76,100
2025-08-10 18:37:13,Clear,22.76,100
2025-08-10 18:55:05,Rain,22.76,100
2025-08-10 19:20:22,Rain,22.94,93
2025-08-10 19:35:17,Clear,23.76,100
2025-08-10 19:48:17,Rain,23.76,100
2025-08-10 20:11:13,Rain,22.83,92
2025-08-10 20:35:29,Clear,23.76,100
2025-08-10 20:50:40,Clear,23.76,100
2025-08-10 21:13:59,Clear,23.76,100
2025-08-10 21:33:17,Clear,23.76,100
2025-08-10 21:47:09,Clear,23.76,100
2025-08-10 22:00:05,Clear,23.76,100
2025-08-10 22:30:29,Clear,24.76,100
2025-08-10 22:48:29,Clear,24.76,100
2025-08-10 23:10:25,Clear,24.76,100
2025-08-10 23:32:33,Clear,25.76,100
2025-08-10 23:47:36,Clear,25.76,100
2025-08-11 00:49:16,Clouds,26.76,94
2025-08-11 02:58:05,Clouds,28.76,74
2025-08-11 04:09:29,Clouds,27.66,71
2025-08-11 04:56:41,Clouds,29.76,66
2025-08-11 05:36:01,Clouds,29.76,66
2025-08-11 05:56:00,Clouds,29.76,66
2025-08-11 06:46:19,Clouds,28.76,74
2025-08-11 07:14:34,Clouds,28.3,70
2025-08-11 07:41:06,Clouds,29.76,66
2025-08-11 07:55:35,Clouds,29.76,66
2025-08-11 08:39:35,Clouds,29.76,66
2025-08-11 09:00:56,Clouds,29.76,66
2025-08-11 09:36:58,Clouds,27.76,74
2025-08-11 09:54:48,Clouds,27.76,74
2025-08-11 10:30:05,Clouds,27.76,78
2025-08-11 10:52:23,Clouds,27.76,78
2025-08-11 11:18:15,Clouds,25.89,79
2025-08-11 11:37:13,Clouds,26.76,83
2025-08-11 11:50:52,Clouds,26.76,83
2025-08-11 12:35:57,Clear,24.76,88
2025-08-11 13:25:11,Clear,24.76,88
2025-08-11 13:56:30,Clear,24.76,88
2025-08-11 14:31:16,Clear,24.76,88
2025-08-11 14:53:29,Clear,24.76,88
2025-08-11 15:25:56,Clear,22.91,89
2025-08-11 15:47:25,Clear,23.76,100
2025-08-11 16:00:14,Clear,23.76,100
2025-08-11 16:39:00,Clouds,22.76,100
2025-08-11 16:59:42,Clouds,22.76,100
2025-08-11 17:31:45,Mist,22.76,100
2025-08-11 17:50:39,Mist,22.76,100
2025-08-11 18:23:42,Clear,21.65,93
2025-08-11 18:54:42,Mist,22.76,100
2025-08-11 19:22:04,Clear,20.76,100
2025-08-11 19:39:13,Mist,20.76,100
2025-08-11 19:52:22,Mist,20.76,100
2025-08-11 20:20:20,Clear,20.76,100
2025-08-11 20:40:21,Mist,20.76,100
2025-08-11 20:54:00,Mist,20.76,100
2025-08-11 21:20:25,Clear,22.22,94
2025-08-11 21:37:37,Mist,20.76,100
2025-08-11 21:50:54,Mist,20.76,100
2025-08-11 22:15:29,Clear,22.9,96
2025-08-11 22:39:29,Mist,23.76,100
2025-08-11 22:52:43,Mist,23.76,100
2025-08-11 23:19:08,Clear,26.76,78
2025-08-11 23:37:13,Mist,26.76,78
2025-08-11 23:50:23,Mist,26.76,78
2025-08-12 01:12:02,Mist,29.76,54
2025-08-12 02:55:35,Clear,30.76,51
2025-08-12 03:52:41,Clear,31.76,48
2025-08-12 04:27:47,Clouds,32.76,43
2025-08-12 04:52:01,Clouds,32.76,43
2025-08-12 05:18:27,Clouds,32.78,38
2025-08-12 05:40:44,Clouds,32.76,46
2025-08-12 05:53:59,Clouds,32.76,46
2025-08-12 06:36:04,Clouds,33.76,43
2025-08-12 06:57:45,Clouds,33.76,43
2025-08-12 07:28:53,Clear,34.76,34
2025-08-12 07:45:03,Clear,34.76,34
2025-08-12 07:58:16,Clear,34.76,34
2025-08-12 08:37:08,Clear,33.76,40
2025-08-12 08:57:56,Clear,33.76,40
2025-08-12 09:32:06,Clear,31.76,45
2025-08-12 09:49:15,Clear,31.76,45
2025-08-12 10:13:49,Clouds,30.06,53
2025-08-12 10:42:42,Clear,30.76,55
2025-08-12 10:56:01,Clear,30.76,55
2025-08-12 11:24:04,Clear,28.76,61
2025-08-12 11:41:23,Clear,28.76,61
2025-08-12 11:54:26,Clear,28.76,61
2025-08-12 12:52:38,Clear,27.76,65
2025-08-12 13:34:10,Clear,26.76,74
2025-08-12 13:54:05,Clear,26.76,74
2025-08-12 14:24:30,Clear,25.76,78
2025-08-12 14:47:56,Clear,25.76,78
2025-08-12 15:10:17,Clouds,25.68,79
2025-08-12 15:37:33,Clear,25.76,83
2025-08-12 15:53:29,Clear,25.76,83
2025-08-12 16:29:37,Clouds,26.76,78
2025-08-12 16:54:06,Clouds,26.76,78
2025-08-12 17:22:36,Clouds,23.76,100
2025-08-12 17:44:04,Clouds,23.76,100
2025-08-12 17:56:51,Clouds,23.76,100
2025-08-12 18:40:57,Clouds,24.76,100
2025-08-12 18:59:33,Clouds,24.76,100
2025-08-12 19:24:23,Clouds,23.75,91
2025-08-12 19:40:32,Clouds,24.76,100
2025-08-12 19:53:16,Rain,24.76,100
2025-08-12 20:25:01,Thunderstorm,23.76,100
2025-08-12 20:45:20,Rain,23.76,100
2025-08-12 20:58:13,Rain,23.76,100
2025-08-12 21:26:59,Thunderstorm,23.76,100
2025-08-12 21:43:59,Rain,23.76,100
2025-08-12 21:56:56,Rain,23.76,100
2025-08-12 22:27:45,Rain,23.76,100
2025-08-12 22:46:24,Rain,23.76,100
2025-08-12 22:59:25,Rain,23.76,100
2025-08-12 23:27:12,Rain,24.76,100
2025-08-12 23:44:07,Rain,24.76,100
2025-08-12 23:57:28,Rain,24.76,100
2025-08-13 02:18:26,Rain,22.76,100
2025-08-13 03:36:27,Clouds,23.76,100
2025-08-13 04:16:30,Rain,25.66,94
2025-08-13 04:47:41,Rain,27.76,100
2025-08-13 05:11:29,Rain,27.76,100
2025-08-13 05:39:51,Rain,27.76,100
2025-08-13 05:53:57,Rain,27.76,100
2025-08-13 06:36:02,Rain,26.76,100
2025-08-13 06:58:19,Clouds,26.76,100
2025-08-13 07:29:45,Rain,26.76,100
2025-08-13 07:46:22,Rain,26.76,100
2025-08-13 07:59:33,Rain,26.76,100
2025-08-13 08:38:31,Clouds,27.76,100
2025-08-13 08:59:40,Clouds,26.76,100
2025-08-13 09:32:47,Rain,25.76,100
2025-08-13 09:50:46,Rain,25.76,100
2025-08-13 10:18:08,Rain,24.76,100
2025-08-13 10:43:50,Rain,23.76,100
2025-08-13 10:57:00,Rain,23.76,100
2025-08-13 11:24:58,Rain,23.76,100
2025-08-13 11:43:15,Rain,24.76,100
2025-08-13 11:56:24,Rain,24.76,100
2025-08-13 12:58:47,Mist,23.76,100
2025-08-13 13:43:23,Clouds,23.76,100
2025-08-13 13:59:31,Rain,23.76,100
2025-08-13 14:32:12,Clouds,24.76,100
2025-08-13 14:52:15,Clouds,24.76,100
2025-08-13 15:18:04,Clouds,24.76,100
2025-08-13 15:36:13,Clouds,24.76,100
2025-08-13 15:49:22,Clouds,24.76,100
2025-08-13 16:13:18,Clouds,24.76,100
2025-08-13 16:40:37,Clouds,24.76,100
2025-08-13 16:54:49,Clouds,24.76,100
2025-08-13 17:20:19,Rain,24.76,100
2025-08-13 17:37:39,Rain,24.76,100
2025-08-13 17:50:45,Rain,24.76,100
2025-08-13 18:21:55,Rain,24.76,100
2025-08-13 18:50:43,Rain,23.76,100
2025-08-13 19:12:50,Rain,23.76,100
2025-08-13 19:30:15,Rain,23.76,100
2025-08-13 19:43:42,Rain,23.76,100
2025-08-13 19:56:42,Rain,23.76,100
2025-08-13 20:30:45,Rain,23.76,100
2025-08-13 20:47:21,Rain,23.76,100
2025-08-13 21:00:06,Rain,23.76,100
2025-08-13 21:26:54,Rain,23.78,100
2025-08-13 21:43:56,Rain,23.76,100
2025-08-13 21:56:45,Rain,23.76,100
2025-08-13 22:26:32,Rain,23.76,100
2025-08-13 22:45:19,Rain,23.76,100
2025-08-13 22:58:15,Rain,23.76,100
2025-08-13 23:27:10,Rain,24.76,94
2025-08-13 23:44:02,Rain,24.76,94
2025-08-13 23:57:01,Rain,24.76,94
2025-08-14 02:18:47,Rain,25.95,97
2025-08-14 03:37:05,Clouds,26.76,100
2025-08-14 04:16:42,Clouds,26.76,100
2025-08-14 04:47:49,Clouds,26.76,100
2025-08-14 05:11:27,Clouds,26.76,100
2025-08-14 05:39:13,Clouds,25.76,100
2025-08-14 05:53:07,Clouds,25.76,100
2025-08-14 06:33:40,Clouds,26.76,100
2025-08-14 06:58:04,Clouds,26.76,100
2025-08-14 07:28:52,Clouds,27.76,94
2025-08-14 07:45:36,Clouds,27.76,94
2025-08-14 07:58:36,Clouds,27.76,94
2025-08-14 08:38:20,Clouds,26.76,94
2025-08-14 08:59:15,Clouds,26.76,94
2025-08-14 09:33:11,Clouds,26.76,94
2025-08-14 09:50:47,Clouds,26.76,94
2025-08-14 10:17:55,Clouds,27,88
2025-08-14 10:44:12,Clouds,25.76,100
2025-08-14 10:57:20,Clouds,25.76,100
2025-08-14 11:25:04,Clouds,25.57,92
2025-08-14 11:43:18,Clouds,24.76,100
2025-08-14 11:56:32,Clouds,24.76,100
2025-08-14 12:59:36,Clouds,24.76,100
2025-08-14 13:44:28,Clouds,24.76,100
2025-08-14 13:59:20,Clouds,24.76,100
2025-08-14 14:31:32,Clouds,24.76,100
2025-08-14 14:51:26,Clouds,24.76,100
2025-08-14 15:18:59,Clouds,24.76,100
2025-08-14 15:41:49,Clouds,24.76,100
2025-08-14 15:56:50,Clouds,24.76,100
2025-08-14 16:36:19,Clouds,24.76,100
2025-08-14 16:55:43,Clouds,24.76,100
2025-08-14 17:24:58,Clouds,23.76,100
2025-08-14 17:44:45,Clouds,23.76,100
2025-08-14 17:57:41,Clouds,23.76,100
2025-08-14 18:41:07,Clouds,23.76,100
2025-08-14 18:59:50,Clouds,23.76,100
2025-08-14 19:23:36,Clouds,23.76,100
2025-08-14 19:38:00,Clouds,23.76,100
2025-08-14 19:51:04,Clouds,23.76,100
2025-08-14 20:18:56,Clouds,23.88,99
2025-08-14 20:40:44,Clouds,22.76,100
2025-08-14 20:54:56,Clouds,22.76,100
2025-08-14 21:24:23,Clouds,23.76,100
2025-08-14 21:42:41,Clouds,23.76,100
2025-08-14 21:55:57,Clouds,23.76,100
2025-08-14 22:26:33,Clouds,24.76,100
2025-08-14 22:45:53,Clouds,24.76,100
2025-08-14 22:59:06,Clouds,24.76,100
2025-08-14 23:27:06,Clouds,26.76,100
2025-08-14 23:43:50,Clouds,26.76,100
2025-08-14 23:57:03,Clouds,26.76,100
2025-08-15 02:19:31,Clouds,25.76,100
2025-08-15 03:38:18,Clouds,25.76,94
2025-08-15 04:17:34,Clouds,25.76,100
2025-08-15 04:47:36,Clouds,25.76,100
2025-08-15 05:10:37,Clouds,25.76,100
2025-08-15 05:38:46,Clouds,28.76,84
2025-08-15 05:52:57,Clouds,28.76,84
2025-08-15 06:32:26,Clouds,29.76,84
2025-08-15 06:56:58,Clouds,29.76,84
2025-08-15 07:26:56,Clouds,30.71,72
2025-08-15 07:43:18,Clouds,30.76,79
2025-08-15 07:56:19,Clouds,30.76,79
2025-08-15 08:35:43,Clouds,30.76,79
2025-08-15 08:55:32,Clouds,30.76,79
2025-08-15 09:28:57,Clouds,29.76,79
2025-08-15 09:46:13,Clouds,29.76,79
2025-08-15 09:59:17,Clouds,29.76,79
2025-08-15 10:32:17,Clouds,27.76,100
2025-08-15 10:50:41,Clouds,27.76,100
2025-08-15 11:13:28,Clear,27.46,88
2025-08-15 11:30:54,Clouds,26.76,100
2025-08-15 11:44:50,Clouds,26.76,100
2025-08-15 11:58:08,Clouds,26.76,100
2025-08-15 12:56:01,Clouds,25.76,100
2025-08-15 13:36:18,Clouds,25.76,100
2025-08-15 13:52:44,Clouds,25.76,100
2025-08-15 14:19:32,Clouds,25.76,100
2025-08-15 14:42:14,Clouds,25.76,100
2025-08-15 14:55:45,Clouds,25.76,100
2025-08-15 15:28:01,Clouds,24.76,100
2025-08-15 15:46:10,Clouds,24.76,100
2025-08-15 15:59:00,Clouds,24.76,100
2025-08-15 16:35:38,Clouds,24.76,100
2025-08-15 16:55:03,Clouds,24.76,100
2025-08-15 17:23:22,Clouds,24.71,95
2025-08-15 17:42:10,Clouds,24.76,100
2025-08-15 17:54:58,Clouds,24.76,100
2025-08-15 18:37:42,Clouds,24.76,100
2025-08-15 18:57:19,Clouds,24.76,100
2025-08-15 19:22:00,Clouds,24.87,98
2025-08-15 19:37:06,Clouds,24.76,100
2025-08-15 19:50:16,Clouds,24.76,100
2025-08-15 20:15:52,Clouds,24.86,99
2025-08-15 20:38:38,Clouds,24.76,100
2025-08-15 20:52:48,Clouds,24.76,100
2025-08-15 21:17:15,Clouds,24.76,100
2025-08-15 21:33:27,Clouds,24.76,100
2025-08-15 21:46:52,Clouds,24.76,100
2025-08-15 21:59:42,Clouds,24.76,100
2025-08-15 22:30:33,Clouds,25.76,100
2025-08-15 22:47:54,Clouds,25.76,100
2025-08-15 23:09:00,Clouds,25.76,100
2025-08-15 23:30:57,Clouds,27.76,100
2025-08-15 23:45:53,Clouds,27.76,100
2025-08-15 23:59:05,Clouds,27.76,100
2025-08-16 02:08:40,Clouds,29.76,79
2025-08-16 03:29:10,Clouds,30.76,70
2025-08-16 03:59:30,Clouds,30.76,70
2025-08-16 04:35:26,Clouds,31.76,66
2025-08-16 04:53:08,Clouds,31.76,66
2025-08-16 05:20:11,Clouds,30.67,61
2025-08-16 05:40:45,Clouds,31.76,62
2025-08-16 05:54:21,Clouds,31.76,62
2025-08-16 06:32:46,Clouds,31.76,62
2025-08-16 06:53:17,Clouds,31.76,62
2025-08-16 07:19:36,Clouds,30.85,62
2025-08-16 07:35:50,Clouds,31.76,66
2025-08-16 07:48:57,Clouds,31.76,66
2025-08-16 08:14:12,Clouds,31.56,61
2025-08-16 08:41:17,Clouds,30.76,70
2025-08-16 08:56:21,Clouds,30.76,70
2025-08-16 09:26:53,Clouds,29.76,74
2025-08-16 09:43:08,Clouds,29.76,74
2025-08-16 09:56:18,Clouds,29.76,74
2025-08-16 10:26:55,Clouds,28.76,89
2025-08-16 10:44:32,Clouds,28.76,89
2025-08-16 10:57:41,Clouds,28.76,89
2025-08-16 11:21:21,Clouds,26.76,94
2025-08-16 11:36:16,Clouds,26.76,94
2025-08-16 11:49:35,Clouds,26.76,94
2025-08-16 12:23:20,Clouds,26.76,100
2025-08-16 13:04:24,Clouds,26.76,100
2025-08-16 13:35:21,Clouds,26.76,100
2025-08-16 13:48:49,Clouds,26.76,100
2025-08-16 14:09:20,Clouds,26.76,100
2025-08-16 14:32:20,Clouds,25.76,100
2025-08-16 14:46:38,Clouds,25.76,100
2025-08-16 14:59:51,Clouds,25.76,100
2025-08-16 15:27:21,Clouds,25.34,94
2025-08-16 15:43:17,Clouds,24.76,100
2025-08-16 15:57:03,Clouds,24.76,100
2025-08-16 16:31:12,Clouds,25.76,100
2025-08-16 16:49:56,Clouds,25.76,100
2025-08-16 17:11:17,Clouds,25.76,100
2025-08-16 17:31:46,Clouds,25.76,100
2025-08-16 17:44:54,Clouds,25.76,100
2025-08-16 17:57:50,Clouds,25.76,100
2025-08-16 18:36:04,Clouds,24.76,100
2025-08-16 18:53:34,Clouds,24.76,100
2025-08-16 19:16:48,Clouds,24.76,100
2025-08-16 19:29:44,Clouds,24.76,100
2025-08-16 19:42:49,Clouds,24.76,100
2025-08-16 19:55:57,Clouds,24.76,100
2025-08-16 20:27:20,Clouds,24.76,100
2025-08-16 20:44:14,Clouds,24.76,100
2025-08-16 20:57:27,Clouds,24.76,100
2025-08-16 21:24:17,Clouds,24.66,97
2025-08-16 21:40:06,Clouds,24.76,100
2025-08-16 21:53:10,Clouds,24.76,100
2025-08-16 22:19:47,Clouds,25.76,100
2025-08-16 22:39:40,Clouds,25.76,100
2025-08-16 22:52:46,Clouds,25.76,100
2025-08-16 23:18:05,Clouds,25.87,95
2025-08-16 23:34:23,Clouds,26.76,100
2025-08-16 23:47:29,Clouds,26.76,100
2025-08-17 00:45:51,Clouds,27.76,94
2025-08-17 02:47:42,Clouds,29.76,74
2025-08-17 03:48:41,Clouds,30.76,70
2025-08-17 04:25:01,Clouds,30.76,62
2025-08-17 04:54:00,Clouds,30.76,62
2025-08-17 05:23:08,Clouds,31.76,62
2025-08-17 05:43:32,Clouds,31.76,62
2025-08-17 05:56:37,Clouds,31.76,62
2025-08-17 06:38:31,Clouds,29.76,74
2025-08-17 06:56:58,Clouds,29.76,74
2025-08-17 07:25:24,Clouds,31.48,64
2025-08-17 07:41:37,Clouds,30.76,66
2025-08-17 07:54:22,Clouds,30.76,66
2025-08-17 08:30:53,Clouds,29.76,70
2025-08-17 08:50:52,Clouds,29.76,70
2025-08-17 09:15:27,Clouds,30.4,71
2025-08-17 09:34:29,Clouds,29.76,70
2025-08-17 09:47:49,Clouds,29.76,70
2025-08-17 10:08:49,Clouds,29.76,70
2025-08-17 10:35:35,Clouds,28.76,84
2025-08-17 10:50:27,Clouds,28.76,84
2025-08-17 11:11:35,Clouds,28.28,81
2025-08-17 11:28:38,Clouds,27.76,94
2025-08-17 11:42:29,Clouds,27.76,94
2025-08-17 11:55:23,Clouds,27.76,94
2025-08-17 12:52:49,Clouds,26.76,100
2025-08-17 13:28:25,Clouds,26.76,100
2025-08-17 13:46:27,Clouds,26.76,100
2025-08-17 13:59:19,Clouds,26.76,100
2025-08-17 14:27:23,Clouds,26.76,100
2025-08-17 14:44:56,Clouds,26.76,100
2025-08-17 14:57:43,Clouds,26.76,100
2025-08-17 15:26:43,Clouds,26.76,100
2025-08-17 15:43:51,Clouds,26.76,100
2025-08-17 15:57:01,Clouds,26.76,100
2025-08-17 16:32:43,Clouds,26.76,100
2025-08-17 16:51:53,Clouds,26.76,100
2025-08-17 17:15:39,Clouds,25.94,94
2025-08-17 17:35:57,Rain,26.76,100
2025-08-17 17:48:58,Clouds,26.76,100
2025-08-17 18:15:24,Clouds,25.69,95
2025-08-17 18:44:58,Clouds,26.76,100
2025-08-17 18:58:15,Clouds,26.76,100
2025-08-17 19:22:04,Clouds,25.4,96
2025-08-17 19:36:40,Clouds,26.76,100
2025-08-17 19:49:52,Clouds,26.76,100
2025-08-17 20:14:34,Rain,25.78,94
2025-08-17 20:37:14,Rain,26.76,100
2025-08-17 20:51:14,Clouds,26.76,100
2025-08-17 21:15:05,Clouds,25.65,97
2025-08-17 21:33:20,Clouds,26.76,100
2025-08-17 21:46:12,Clouds,26.76,100
2025-08-17 21:59:19,Clouds,26.76,100
2025-08-17 22:29:24,Clouds,26.76,100
2025-08-17 22:47:16,Clouds,26.76,100
2025-08-17 23:00:07,Clouds,26.76,100
2025-08-17 23:27:02,Clouds,26.76,100
2025-08-17 23:44:21,Clouds,26.76,100
2025-08-17 23:57:18,Clouds,26.76,100
2025-08-18 02:26:09,Clouds,28.94,80
2025-08-18 03:50:01,Clouds,30.76,70
2025-08-18 04:33:45,Clouds,30.76,70
2025-08-18 05:00:46,Clouds,30.76,70
2025-08-18 05:35:29,Clouds,31.76,62
2025-08-18 05:52:52,Clouds,31.76,62
2025-08-18 06:34:50,Clouds,32.76,58
2025-08-18 07:00:15,Clouds,32.76,58
2025-08-18 07:31:22,Clouds,31.76,62
2025-08-18 07:48:04,Clouds,31.76,62
2025-08-18 08:15:43,Clear,31.48,62
2025-08-18 08:46:58,Clouds,29.76,70
2025-08-18 09:13:24,Clouds,29.76,70
2025-08-18 09:41:52,Clouds,29.76,79
2025-08-18 09:56:06,Clouds,29.76,79
2025-08-18 10:32:38,Rain,27.76,94
2025-08-18 10:52:20,Rain,27.76,94
2025-08-18 11:17:34,Rain,29.78,70
2025-08-18 11:35:30,Rain,27.76,100
2025-08-18 11:49:00,Rain,27.76,100
2025-08-18 12:24:30,Rain,27.76,100
2025-08-18 13:11:51,Rain,27.76,100
2025-08-18 13:49:32,Rain,26.76,100
2025-08-18 14:14:23,Rain,27.78,89
2025-08-18 14:42:35,Clouds,26.76,100
2025-08-18 14:57:31,Clouds,26.76,100
2025-08-18 15:32:07,Clouds,26.76,100
2025-08-18 15:50:24,Clouds,26.76,100
2025-08-18 16:19:22,Clouds,26.27,96
2025-08-18 16:48:27,Clouds,26.76,100
2025-08-18 17:11:34,Clouds,26.06,95
2025-08-18 17:38:03,Clouds,26.76,100
2025-08-18 17:52:15,Clouds,26.76,100
2025-08-18 18:29:22,Clouds,26.76,100
2025-08-18 18:55:38,Clouds,26.76,100
2025-08-18 19:22:39,Clouds,26.76,100
2025-08-18 19:38:41,Clouds,26.76,100
2025-08-18 19:52:04,Clouds,26.76,100
2025-08-18 20:19:04,Clouds,26.76,100
2025-08-18 20:38:59,Clouds,26.76,100
2025-08-18 20:52:16,Clouds,26.76,100
2025-08-18 21:16:58,Clouds,25.76,100
2025-08-18 21:33:20,Clouds,25.76,100
2025-08-18 21:46:38,Clouds,25.76,100
2025-08-18 21:59:37,Clouds,25.76,100
2025-08-18 22:27:22,Clouds,26.76,100
2025-08-18 22:44:27,Clouds,26.76,100
2025-08-18 22:57:35,Clouds,26.76,100
2025-08-18 23:25:16,Clouds,27.76,100
2025-08-18 23:41:40,Clouds,27.76,100
2025-08-18 23:54:41,Clouds,27.76,100
2025-08-19 01:58:45,Clouds,29.76,84
2025-08-19 03:15:09,Clouds,31.76,70
2025-08-19 03:50:39,Clouds,31.76,70
2025-08-19 04:18:21,Clouds,30.76,74
2025-08-19 04:41:36,Clouds,30.76,74
2025-08-19 04:54:45,Clouds,30.76,74
2025-08-19 05:24:37,Clouds,32.02,64
2025-08-19 05:43:28,Clouds,31.76,66
2025-08-19 05:56:40,Clouds,31.76,66
2025-08-19 06:39:34,Clouds,29.76,79
2025-08-19 06:57:22,Clouds,29.76,79
2025-08-19 07:25:52,Clouds,29.76,79
2025-08-19 07:42:29,Clouds,29.76,79
2025-08-19 07:55:32,Clouds,29.76,79
2025-08-19 08:34:52,Clouds,30.76,74
2025-08-19 08:54:24,Clouds,30.76,74
2025-08-19 09:26:09,Clouds,29.76,79
2025-08-19 09:44:39,Clouds,29.76,79
2025-08-19 09:57:44,Clouds,29.76,79
2025-08-19 10:30:40,Clouds,29.34,72
2025-08-19 10:49:17,Clouds,28.76,89
2025-08-19 11:10:15,Clouds,28.76,89
2025-08-19 11:28:57,Clouds,27.76,89
2025-08-19 11:43:04,Clouds,27.76,89
2025-08-19 11:56:08,Clouds,27.76,89
2025-08-19 12:53:05,Clouds,27.76,94
2025-08-19 13:30:51,Clouds,27.76,100
2025-08-19 13:49:56,Clouds,27.76,100
2025-08-19 14:13:37,Clouds,27.76,100
2025-08-19 14:39:37,Clouds,26.76,100
2025-08-19 14:53:51,Clouds,26.76,100
2025-08-19 15:24:45,Clouds,26.76,100
2025-08-19 15:43:42,Clouds,26.76,100
2025-08-19 15:56:51,Clouds,26.76,100
2025-08-19 16:33:50,Clouds,26.76,100
2025-08-19 16:53:31,Clouds,26.76,100
2025-08-19 17:18:55,Clouds,26.76,100
2025-08-19 17:38:28,Clouds,26.76,100
2025-08-19 17:51:44,Clouds,26.76,100
2025-08-19 18:23:25,Clouds,26.76,100
2025-08-19 18:49:01,Clouds,26.76,100
2025-08-19 19:09:08,Clouds,26.76,100
2025-08-19 19:26:16,Clouds,25.76,100
2025-08-19 19:40:39,Clouds,25.76,100
2025-08-19 19:53:34,Clouds,25.76,100
2025-08-19 20:23:53,Clouds,25.76,100
2025-08-19 20:41:28,Clouds,25.76,100
2025-08-19 20:54:29,Clouds,25.76,100
2025-08-19 21:24:14,Clouds,25.1,95
2025-08-19 21:37:55,Clouds,25.76,100
2025-08-19 21:51:05,Clouds,25.76,100
2025-08-19 22:15:12,Clouds,26.21,95
2025-08-19 22:37:21,Clouds,27.76,100
2025-08-19 22:50:09,Clouds,27.76,100
2025-08-19 23:12:45,Clouds,27.76,100
2025-08-19 23:31:09,Clouds,27.76,100
2025-08-19 23:44:43,Clouds,27.76,100
2025-08-19 23:57:52,Clouds,27.76,100
2025-08-20 02:04:26,Clouds,30.76,79
2025-08-20 03:15:02,Clouds,30.76,74
2025-08-20 03:49:59,Clouds,31.76,66
2025-08-20 04:16:55,Clouds,31.76,61
2025-08-20 04:41:24,Clouds,31.76,66
2025-08-20 04:55:17,Clouds,31.76,66
2025-08-20 05:25:59,Clouds,31.76,62
2025-08-20 05:44:38,Clouds,31.76,62
2025-08-20 05:57:41,Clouds,31.76,62
2025-08-20 06:40:21,Clouds,31.76,62
2025-08-20 06:58:17,Clouds,31.76,62
2025-08-20 07:27:22,Clouds,30.76,70
2025-08-20 07:44:15,Clouds,30.76,70
2025-08-20 07:57:07,Clouds,30.76,70
2025-08-20 08:35:32,Clouds,29.76,79
2025-08-20 08:53:31,Clouds,29.76,79
2025-08-20 09:24:16,Clouds,28.76,84
2025-08-20 09:43:12,Clouds,28.76,84
2025-08-20 09:56:16,Clouds,28.76,84
2025-08-20 10:29:36,Clouds,28.76,89
2025-08-20 10:48:13,Clouds,28.76,89
2025-08-20 11:08:36,Clouds,28.76,89
2025-08-20 11:28:10,Clouds,27.76,94
2025-08-20 11:43:14,Clouds,27.76,94
2025-08-20 11:56:10,Clouds,27.76,94
2025-08-20 12:55:27,Clouds,27.76,100
2025-08-20 13:35:37,Clouds,27.76,100
2025-08-20 13:52:25,Clouds,27.76,100
2025-08-20 14:19:56,Clouds,27.76,100
2025-08-20 14:42:25,Clouds,27.76,100
2025-08-20 14:55:45,Clouds,27.76,100
2025-08-20 15:28:36,Clouds,27.76,100
2025-08-20 15:45:47,Clouds,27.76,100
2025-08-20 15:58:42,Clouds,27.76,100
2025-08-20 16:33:49,Clouds,26.76,100
2025-08-20 16:53:01,Clouds,26.76,100
2025-08-20 17:17:53,Clouds,26.76,100
2025-08-20 17:37:42,Clouds,26.76,100
2025-08-20 17:50:46,Clouds,26.76,100
2025-08-20 18:21:58,Clouds,26.76,100
2025-08-20 18:49:28,Clouds,26.76,100
2025-08-20 19:10:15,Clouds,26.76,100
2025-08-20 19:27:36,Clouds,27.16,96
2025-08-20 19:41:22,Clouds,25.76,100
2025-08-20 19:54:20,Clouds,25.76,100
2025-08-20 20:26:00,Clouds,25.76,100
2025-08-20 20:44:37,Clouds,25.76,100
2025-08-20 20:57:31,Clouds,25.76,100
2025-08-20 21:24:56,Clouds,26.76,100
2025-08-20 21:41:29,Clouds,26.76,100
2025-08-20 21:54:50,Clouds,26.76,100
2025-08-20 22:22:19,Clouds,27.76,100
2025-08-20 22:40:07,Clouds,27.76,100
2025-08-20 22:53:19,Clouds,27.76,100
2025-08-20 23:18:55,Clouds,27.87,92
2025-08-20 23:34:28,Clouds,28.76,94
2025-08-20 23:47:32,Clouds,28.76,94
2025-08-21 00:38:51,Clouds,29.76,89
2025-08-21 02:20:12,Clouds,32.49,65
2025-08-21 03:27:24,Clouds,31.76,62
2025-08-21 03:54:54,Clouds,31.76,62
2025-08-21 04:29:31,Clouds,33.76,55
2025-08-21 04:47:36,Clouds,33.76,55
2025-08-21 05:09:17,Clouds,33.59,55
2025-08-21 05:34:12,Clouds,32.76,58
2025-08-21 05:48:15,Clouds,32.76,58
2025-08-21 06:20:32,Clouds,33.78,54
2025-08-21 06:56:22,Clouds,32.76,52
2025-08-21 07:27:29,Clouds,31.76,70
2025-08-21 07:42:53,Clouds,31.76,70
2025-08-21 07:56:04,Clouds,31.76,70
2025-08-21 08:34:12,Clouds,31.76,66
2025-08-21 08:53:44,Clouds,31.76,66
2025-08-21 09:24:34,Clear,29.76,74
2025-08-21 09:43:14,Clear,29.76,74
2025-08-21 09:56:25,Clear,29.76,74
2025-08-21 10:29:04,Clear,28.76,84
2025-08-21 10:47:38,Clear,28.76,84
2025-08-21 11:07:30,Clear,28.76,84
2025-08-21 11:27:15,Clouds,29.24,73
2025-08-21 11:41:34,Clear,27.76,89
2025-08-21 11:54:28,Clear,27.76,89
2025-08-21 12:50:13,Clear,26.76,100
2025-08-21 13:25:25,Clouds,27.94,83
2025-08-21 13:47:58,Clear,26.76,100
2025-08-21 14:09:42,Clear,26.76,100
2025-08-21 14:36:44,Clear,25.76,100
2025-08-21 14:52:27,Clear,25.76,100
2025-08-21 15:20:34,Clear,25.76,100
2025-08-21 15:45:37,Clear,25.76,100
2025-08-21 15:54:01,Clear,25.76,100
2025-08-21 16:28:02,Clear,25.76,100
2025-08-21 16:50:19,Clear,25.76,100
2025-08-21 17:12:29,Clear,24.76,100
2025-08-21 17:43:40,Clear,24.76,100
2025-08-21 17:52:17,Clear,24.76,100
2025-08-21 18:00:31,Clear,24.76,100
2025-08-21 18:37:48,Clear,24.76,100
2025-08-21 18:54:36,Clear,24.76,100
2025-08-21 19:19:09,Clear,24.76,100
2025-08-21 19:33:31,Clear,24.76,100
2025-08-21 19:46:43,Clear,24.76,100
2025-08-21 19:59:52,Clear,24.76,100
2025-08-21 20:29:43,Clouds,24.76,100
2025-08-21 20:46:18,Clouds,24.76,100
2025-08-21 20:59:26,Clouds,24.76,100
2025-08-21 21:25:13,Clouds,25.8,95
2025-08-21 21:41:13,Clouds,24.76,100
2025-08-21 21:54:02,Clouds,24.76,100
2025-08-21 22:22:38,Clouds,26.76,100
2025-08-21 22:41:26,Clouds,26.76,100
2025-08-21 22:54:32,Clouds,26.76,100
2025-08-21 23:22:12,Clouds,28.76,89
2025-08-21 23:38:23,Clouds,28.76,89
2025-08-21 23:51:36,Clouds,28.76,89
2025-08-22 01:19:36,Clear,30.36,70
2025-08-22 02:50:11,Clouds,30.76,66
2025-08-22 03:37:18,Clouds,32.76,58
2025-08-22 03:57:54,Clouds,32.76,58
2025-08-22 04:31:17,Clouds,32.76,58
2025-08-22 04:49:06,Clouds,32.76,58
2025-08-22 05:12:19,Clouds,32.76,58
2025-08-22 05:35:17,Clouds,32.76,58
2025-08-22 05:48:19,Clouds,32.76,58
2025-08-22 06:15:25,Clouds,34.38,52
2025-08-22 06:47:05,Clouds,32.76,58
2025-08-22 07:00:03,Clouds,32.76,58
2025-08-22 07:26:22,Clouds,32.76,58
2025-08-22 07:41:58,Clouds,32.76,58
2025-08-22 07:55:08,Clouds,32.76,58
2025-08-22 08:33:05,Clouds,30.76,74
2025-08-22 08:52:45,Clouds,30.76,74
2025-08-22 09:21:18,Clouds,31.91,60
2025-08-22 09:40:23,Clouds,29.76,79
2025-08-22 09:53:19,Clouds,29.76,79
2025-08-22 10:22:15,Clouds,28.76,89
2025-08-22 10:43:25,Clouds,28.76,89
2025-08-22 10:56:15,Clouds,28.76,89
2025-08-22 11:21:34,Clouds,27.76,100
2025-08-22 11:36:32,Clouds,27.76,100
2025-08-22 11:49:46,Clouds,27.76,100
2025-08-22 12:25:26,Clouds,26.76,100
2025-08-22 13:06:23,Clouds,26.76,100
2025-08-22 13:38:40,Clouds,26.76,100
2025-08-22 13:52:06,Clouds,26.76,100
2025-08-22 14:18:05,Clear,27.26,87
2025-08-22 14:39:52,Clouds,26.76,100
2025-08-22 14:52:59,Clouds,26.76,100
2025-08-22 15:20:38,Clear,26.53,91
2025-08-22 15:38:09,Clouds,26.76,94
2025-08-22 15:51:20,Clouds,26.76,94
2025-08-22 16:19:58,Clear,26.01,92
2025-08-22 16:44:13,Clouds,25.76,100
2025-08-22 16:57:38,Clouds,25.76,100
2025-08-22 17:24:56,Clear,25.62,93
2025-08-22 17:42:59,Clouds,25.76,100
2025-08-22 17:56:07,Clouds,25.76,100
2025-08-22 18:36:13,Clouds,26.76,100
2025-08-22 18:53:55,Clouds,26.76,100
2025-08-22 19:18:17,Clouds,25.26,93
2025-08-22 19:31:48,Clouds,25.76,100
2025-08-22 19:44:43,Clouds,25.76,100
2025-08-22 19:57:40,Clouds,25.76,100
2025-08-22 20:29:08,Clouds,25.76,100
2025-08-22 20:45:25,Clouds,25.76,100
2025-08-22 20:58:16,Clouds,25.76,100
2025-08-22 21:24:23,Clouds,25.76,100
2025-08-22 21:39:57,Clouds,25.76,100
2025-08-22 21:53:19,Clouds,25.76,100
2025-08-22 22:19:22,Clouds,25.46,93
2025-08-22 22:38:18,Clouds,26.76,100
2025-08-22 22:51:28,Clouds,26.76,100
2025-08-22 23:15:24,Clouds,27.26,92
2025-08-22 23:31:18,Clouds,28.76,94
2025-08-22 23:44:31,Clouds,28.76,94
2025-08-22 23:57:36,Clouds,28.76,94
2025-08-23 01:59:26,Clouds,29.76,84
2025-08-23 03:09:15,Clouds,30.76,79
2025-08-23 03:44:44,Clouds,31.76,70
2025-08-23 03:57:52,Clouds,31.76,70
2025-08-23 04:31:01,Clouds,30.76,79
2025-08-23 04:47:41,Clouds,30.76,79
2025-08-23 05:08:01,Clouds,30.76,79
2025-08-23 05:30:58,Clouds,29.76,84
2025-08-23 05:44:25,Clouds,29.76,84
2025-08-23 05:57:22,Clouds,29.76,84
2025-08-23 06:35:51,Clouds,30.76,79
2025-08-23 06:52:31,Clouds,30.76,79
2025-08-23 07:16:47,Clouds,30.76,79
2025-08-23 07:30:25,Clear,31.76,74
2025-08-23 07:43:37,Clear,31.76,74
2025-08-23 07:56:44,Clear,31.76,74
2025-08-23 08:31:24,Clouds,31.76,74
2025-08-23 08:49:02,Clouds,31.76,74
2025-08-23 09:10:42,Clouds,31.96,72
2025-08-23 09:30:15,Clouds,30.76,79
2025-08-23 09:43:31,Clouds,30.76,79
2025-08-23 09:56:35,Clouds,30.76,79
2025-08-23 10:26:21,Clouds,28.76,89
2025-08-23 10:43:04,Clouds,28.76,89
2025-08-23 10:55:52,Clouds,28.76,89
2025-08-23 11:19:56,Clear,27.76,94
2025-08-23 11:34:34,Clear,27.76,94
2025-08-23 11:47:21,Clear,27.76,94
2025-08-23 12:00:21,Clear,27.76,94
2025-08-23 12:51:23,Clouds,27.76,100
2025-08-23 13:22:37,Clouds,27.76,100
2025-08-23 13:40:21,Clouds,27.76,100
2025-08-23 13:53:15,Clouds,27.76,100
2025-08-23 14:17:26,Clouds,27.76,100
2025-08-23 14:35:35,Clouds,26.76,100
2025-08-23 14:48:47,Clouds,26.76,100
2025-08-23 15:09:04,Clouds,26.76,100
2025-08-23 15:29:03,Clear,25.76,100
2025-08-23 15:42:28,Clear,25.76,100
2025-08-23 15:55:19,Clear,25.76,100
2025-08-23 16:28:10,Clear,25.76,100
2025-08-23 16:45:56,Clear,25.76,100
2025-08-23 16:58:57,Clear,25.76,100
2025-08-23 17:22:49,Clear,25.76,100
2025-08-23 17:37:55,Clear,25.76,100
2025-08-23 17:51:07,Clear,25.76,100
2025-08-23 18:20:10,Clear,26.86,90
2025-08-23 18:43:08,Clouds,25.76,94
2025-08-23 18:56:13,Clouds,25.76,94
2025-08-23 19:18:45,Clear,26.51,88
2025-08-23 19:32:33,Clouds,24.76,100
2025-08-23 19:45:41,Clouds,24.76,100
2025-08-23 19:58:54,Clouds,24.76,100
2025-08-23 20:27:11,Clouds,24.76,100
2025-08-23 20:42:49,Clouds,24.76,100
2025-08-23 20:55:47,Clouds,24.76,100
2025-08-23 21:22:03,Clouds,24.76,100
2025-08-23 21:36:12,Clouds,24.76,100
2025-08-23 21:49:29,Clouds,24.76,100
2025-08-23 22:10:50,Clear,26.29,95
2025-08-23 22:32:49,Clouds,26.76,100
2025-08-23 22:46:03,Clouds,26.76,100
2025-08-23 22:59:08,Clouds,26.76,100
2025-08-23 23:24:58,Clear,28.13,89
2025-08-23 23:40:31,Clouds,27.76,100
2025-08-23 23:53:36,Clouds,27.76,100
2025-08-24 01:56:49,Clouds,30.76,79
2025-08-24 03:22:36,Clouds,31.36,69
2025-08-24 03:59:55,Clouds,31.76,66
2025-08-24 04:35:19,Clouds,32.76,62
2025-08-24 04:51:56,Clouds,32.76,62
2025-08-24 05:17:13,Clouds,32.2,56
2025-08-24 05:37:49,Clouds,33.76,59
2025-08-24 05:50:59,Clouds,33.76,59
2025-08-24 06:21:54,Clouds,34.76,46
2025-08-24 06:47:48,Clouds,34.76,46
2025-08-24 07:07:44,Clouds,34.76,46
2025-08-24 07:27:48,Clear,33.35,52
2025-08-24 07:41:38,Clouds,33.76,52
2025-08-24 07:54:56,Clouds,33.76,52
2025-08-24 08:28:56,Clouds,32.76,58
2025-08-24 08:47:01,Clouds,32.76,58
2025-08-24 09:00:10,Clouds,32.76,58
2025-08-24 09:25:56,Clouds,30.76,70
2025-08-24 09:41:27,Clouds,30.76,70
2025-08-24 09:54:29,Clouds,30.76,70
2025-08-24 10:23:16,Clouds,28.76,89
2025-08-24 10:41:02,Clouds,28.76,89
2025-08-24 10:54:12,Clouds,28.76,89
2025-08-24 11:17:36,Clear,28.92,80
2025-08-24 11:30:51,Clear,27.76,89
2025-08-24 11:43:44,Clear,27.76,89
2025-08-24 11:56:36,Clear,27.76,89
2025-08-24 12:50:37,Clear,26.76,100
2025-08-24 13:21:54,Clouds,28.44,81
2025-08-24 13:40:51,Clear,26.76,100
2025-08-24 13:54:07,Clear,26.76,100
2025-08-24 14:19:12,Clouds,28.2,84
2025-08-24 14:37:01,Clear,26.76,100
2025-08-24 14:50:08,Clear,26.76,100
2025-08-24 15:12:26,Clear,26.76,100
2025-08-24 15:31:21,Clear,25.76,100
2025-08-24 15:44:43,Clear,25.76,100
2025-08-24 15:57:45,Clear,25.76,100
2025-08-24 16:31:05,Clouds,25.76,100
2025-08-24 16:48:43,Clouds,25.76,100
2025-08-24 17:08:56,Clouds,25.76,100
2025-08-24 17:29:50,Clouds,26.67,91
2025-08-24 17:43:08,Clouds,26.76,100
2025-08-24 17:56:14,Clouds,26.76,100
2025-08-24 18:34:33,Clouds,25.76,100
2025-08-24 18:51:43,Clouds,25.76,100
2025-08-24 19:13:14,Clouds,25.58,95
2025-08-24 19:27:11,Clouds,25.76,100
2025-08-24 19:40:46,Clouds,25.76,100
2025-08-24 19:53:55,Clouds,25.76,100
2025-08-24 20:23:36,Clouds,25.76,100
2025-08-24 20:41:14,Clouds,25.76,100
2025-08-24 20:54:03,Clouds,25.76,100
2025-08-24 21:19:29,Clouds,26.76,100
2025-08-24 21:34:46,Clouds,26.76,100
2025-08-24 21:47:45,Clouds,26.76,100
2025-08-24 22:07:39,Clouds,26.76,100
2025-08-24 22:32:06,Clouds,27.76,100
2025-08-24 22:46:01,Rain,27.76,100
2025-08-24 22:58:59,Rain,27.76,100
2025-08-24 23:25:04,Rain,27.53,89
2025-08-24 23:41:32,Clouds,25.76,100
2025-08-24 23:54:51,Clouds,24.76,100
2025-08-25 02:01:58,Clouds,26.76,100
2025-08-25 03:20:11,Clouds,31.38,71
2025-08-25 03:57:54,Clouds,30.76,84
2025-08-25 04:35:48,Clouds,32.76,70
2025-08-25 04:54:05,Clouds,32.76,70
2025-08-25 05:24:23,Clouds,32.76,70
2025-08-25 05:44:35,Clouds,32.76,70
2025-08-25 05:57:47,Clouds,32.76,70
2025-08-25 06:42:05,Clouds,31.76,74
2025-08-25 06:58:57,Clouds,31.76,74
2025-08-25 07:28:15,Clouds,31.76,70
2025-08-25 07:44:08,Clouds,31.76,70
2025-08-25 07:57:18,Clouds,31.76,70
2025-08-25 08:37:42,Clouds,30.76,84
2025-08-25 08:57:21,Clouds,30.76,84
2025-08-25 09:30:44,Clouds,30.76,79
2025-08-25 09:47:19,Clouds,30.76,79
2025-08-25 10:00:26,Clouds,30.76,79
2025-08-25 10:33:50,Clouds,29.76,84
2025-08-25 10:50:58,Clouds,29.76,84
2025-08-25 11:13:55,Clouds,27.78,89
2025-08-25 11:30:57,Clouds,28.76,94
2025-08-25 11:44:41,Rain,28.76,94
2025-08-25 11:57:44,Clouds,28.76,94
2025-08-25 12:56:55,Clouds,28.76,94
2025-08-25 13:36:46,Clouds,28.76,94
2025-08-25 13:52:45,Clouds,28.76,94
2025-08-25 14:20:22,Clouds,28.76,100
2025-08-25 14:42:26,Clouds,28.76,100
2025-08-25 14:55:29,Rain,28.76,100
2025-08-25 15:28:23,Thunderstorm,27.76,100
2025-08-25 15:46:16,Thunderstorm,27.76,100
2025-08-25 15:59:07,Thunderstorm,27.76,100
2025-08-25 16:34:48,Rain,27.76,94
2025-08-25 16:54:17,Rain,27.76,94
2025-08-25 17:19:00,Rain,25.6,94
2025-08-25 17:37:38,Rain,26.76,100
2025-08-25 17:50:46,Rain,26.76,100
2025-08-25 18:22:35,Rain,25.76,100
2025-08-25 18:49:45,Thunderstorm,25.76,100
2025-08-25 19:10:37,Thunderstorm,25.76,100
2025-08-25 19:27:32,Thunderstorm,24.76,100
2025-08-25 19:41:37,Thunderstorm,24.76,100
2025-08-25 19:54:33,Rain,24.76,100
2025-08-25 20:26:36,Rain,24.76,100
2025-08-25 20:44:08,Rain,24.76,100
2025-08-25 20:57:18,Rain,24.76,100
2025-08-25 21:24:59,Rain,25.76,100
2025-08-25 21:41:21,Rain,25.76,100
2025-08-25 21:54:38,Rain,25.76,100
2025-08-25 22:23:27,Clouds,25.76,100
2025-08-25 22:42:00,Mist,25.76,100
2025-08-25 22:55:06,Mist,25.76,100
2025-08-25 23:23:25,Rain,26.76,100
2025-08-25 23:39:50,Rain,26.76,100
2025-08-25 23:52:47,Rain,26.76,100
2025-08-26 01:38:52,Mist,28.76,89
2025-08-26 03:01:46,Mist,29.76,84
2025-08-26 03:47:08,Clouds,29.76,74
2025-08-26 04:10:50,Clouds,29.76,74
2025-08-26 04:38:53,Clouds,30.76,66
2025-08-26 04:53:30,Clouds,30.76,66
2025-08-26 05:21:44,Clouds,30.21,72
2025-08-26 05:41:41,Clouds,30.76,66
2025-08-26 05:54:44,Clouds,30.76,66
2025-08-26 06:37:12,Clouds,31.76,62
2025-08-26 06:57:21,Clouds,31.76,62
2025-08-26 07:26:33,Clouds,30.76,70
2025-08-26 07:43:04,Clouds,30.76,70
2025-08-26 07:56:20,Clouds,30.76,70
